Season Number,Startup Name,Season Start,Season End,Episode Number,Episode Title,Anchor,Pitch Number,Industry,Business Description,Company Website,Number of Presenters,Male Presenters,Female Presenters,Transgender Presenters,Couple Presenters,Pitchers Average Age,Started in,Pitchers City,Pitchers State,Yearly Revenue,Monthly Sales,Gross Margin,Net Margin,Original Ask Amount,Original Offered Equity,Valuation Requested,Received Offer,Accepted Offer,Total Deal Amount,Total Deal Equity,Total Deal Debt,Debt Interest,Deal Valuation,Number of sharks in deal,Deal has conditions,Has Patents,Ashneer Investment Amount,Ashneer Investment Equity,Ashneer Debt Amount,Namita Investment Amount,Namita Investment Equity,Namita Debt Amount,Anupam Investment Amount,Anupam Investment Equity,Anupam Debt Amount,Vineeta Investment Amount,Vineeta Investment Equity,Vineeta Debt Amount,Aman Investment Amount,Aman Investment Equity,Aman Debt Amount,Peyush Investment Amount,Peyush Investment Equity,Peyush Debt Amount,Ghazal Investment Amount,Ghazal Investment Equity,Ghazal Debt Amount,Amit Investment Amount,Amit Investment Equity,Amit Debt Amount,Guest Investment Amount,Guest Investment Equity,Guest Debt Amount,Guest Name,Ashneer Present,Namita Present,Anupam Present,Vineeta Present,Aman Present,Peyush Present,Ghazal Present,Amit Present,Guest Present
1,BluePineFoods,20-Dec-21,04-Feb-22,1,Badlegi Business Ki Tasveer,Rannvijay Singh,1,Food,Frozen Momos,https://bluepinefoods.com/,3,2,1,,0,Middle,2016,Delhi,Delhi,95,8,,,50,5,1000,1,1,75,16,,,469,3,,,25,5.33,,,,,,,,25,5.33,,25,5.33,,,,,,,,,,,,,,,1,1,1,1,1,,,,
1,BoozScooters,20-Dec-21,04-Feb-22,1,Badlegi Business Ki Tasveer,Rannvijay Singh,2,Vehicles/Electrical Vehicles,Renting e-bike for mobility in private spaces,https://www.boozup.net/,1,1,,,0,Young,2017,Ahmedabad,Gujarat,4,0.4,,,40,15,267,1,1,40,50,,,80,2,,,20,25,,,,,,,,20,25,,,,,,,,,,,,,,,,,,1,1,1,1,1,,,,
1,HeartUpMySleeves,20-Dec-21,04-Feb-22,1,Badlegi Business Ki Tasveer,Rannvijay Singh,3,Beauty/Fashion,Detachable Sleeves,https://heartupmysleeves.com/,1,,1,,0,Young,2021,Delhi,Delhi,,2,,,25,10,250,1,1,25,30,,,83,2,,,,,,,,,12.5,15,,12.5,15,,,,,,,,,,,,,,,,,,1,1,1,1,1,,,,
1,TagzFoods,20-Dec-21,04-Feb-22,2,"Insaan, Ideas Aur Sapne",Rannvijay Singh,4,Food,Healthy Potato Chips Snacks,https://tagzfoods.com/,2,2,,,0,Middle,2019,Bangalore,Karnataka,700,,48,,70,1,7000,1,1,70,2.75,,,2545,1,,,70,2.75,,,,,,,,,,,,,,,,,,,,,,,,,,,1,1,1,1,1,,,,
1,HeadAndHeart,20-Dec-21,04-Feb-22,2,"Insaan, Ideas Aur Sapne",Rannvijay Singh,5,Education,Brain Development Course,https://thehnh.in/,4,1,3,,1,Middle,2015,Patiala,Punjab,30,,,,50,5,1000,0,,,,,,,,,,,,,,,,,,,,,,,,,,,,,,,,,,,,,,1,1,1,1,1,,,,
1,Agritourism,20-Dec-21,04-Feb-22,2,"Insaan, Ideas Aur Sapne",Rannvijay Singh,6,Agriculture,Tourism,https://www.agritourism.in/,2,1,1,,1,Middle,2005,Baramati,Maharashtra,79,,,,50,5,1000,0,,,,,,,,,,,,,,,,,,,,,,,,,,,,,,,,,,,,,,1,1,1,1,1,,,,
1,qZenseLabs,20-Dec-21,04-Feb-22,3,Aam Aadmi Ke Business Ideas,Rannvijay Singh,7,Food,Food Freshness Detector,https://www.qzense.com/,2,,2,,0,Middle,2020,"Delhi,Mohali","Delhi,Punjab",25,,,,100,0.25,40000,1,0,,,,,,,,,,,,,,,,,,,,,,,,,,,,,,,,,,,,,1,1,1,1,1,,,,
1,Peeschute,20-Dec-21,04-Feb-22,3,Aam Aadmi Ke Business Ideas,Rannvijay Singh,8,Beauty/Fashion,Disposable Urine Bag,https://www.peeschute.com/,1,1,,,0,Young,2019,Jalna,Maharashtra,100,,,,75,4,1875,1,1,75,6,,,1250,1,,,,,,,,,,,,,,,75,6,,,,,,,,,,,,,,,1,1,1,1,1,,,,
1,NOCD,20-Dec-21,04-Feb-22,3,Aam Aadmi Ke Business Ideas,Rannvijay Singh,9,Food,Energy Drink,https://www.jouleshealth.com/,2,2,,,0,Middle,2019,Bangalore,Karnataka,,20,,,50,2,2500,1,1,20,15,30,,133,1,,,,,,,,,,,,20,15,30,,,,,,,,,,,,,,,,,1,1,1,1,1,,,,
1,CosIQ,20-Dec-21,04-Feb-22,4,Entrepreneurship Ki Wave,Rannvijay Singh,10,Beauty/Fashion,Intelligent Skincare,https://mycosiq.com/,2,1,1,,1,Middle,2021,Delhi,Delhi,,4,75,,50,7.5,667,1,1,50,25,,,200,2,,,,,,,,,25,12.5,,25,12.5,,,,,,,,,,,,,,,,,,1,1,1,1,1,,,,
1,JhaJiAchaar,20-Dec-21,04-Feb-22,4,Entrepreneurship Ki Wave,Rannvijay Singh,11,Food,Pickle,https://www.jhajistore.com/,2,,2,,0,Old,2021,Darbhanga,Bihar,,5,18,,50,10,500,1,1,56.6,5.62,,,1007,2,,,,,,28.3,2.81,,,,,28.3,2.81,,,,,,,,,,,,,,,,,,1,1,1,1,1,,,,
1,Bummer,20-Dec-21,04-Feb-22,4,Entrepreneurship Ki Wave,Rannvijay Singh,12,Beauty/Fashion,Underwear,https://bummer.in/,1,1,,,0,Young,2020,Ahmedabad,Gujarat,,15,70,,75,4,1875,1,1,75,7.5,,,1000,2,,,,,,37.5,3.75,,,,,,,,37.5,3.75,,,,,,,,,,,,,,,1,1,1,1,1,,,,
1,RevampMoto,20-Dec-21,04-Feb-22,5,Hunt For Interesting Business,Rannvijay Singh,13,Vehicles/Electrical Vehicles,E-Bike Mitra bud-e RM,https://www.revampmoto.in/,3,3,,,0,Young,,Nashik,Maharashtra,,0.01,,,100,1,10000,1,1,100,1.5,,,6667,2,,,,,,,,,50,0.75,,,,,50,0.75,,,,,,,,,,,,,,,1,1,1,1,1,,,,
1,HungryHead,20-Dec-21,04-Feb-22,5,Hunt For Interesting Business,Rannvijay Singh,14,Food,Restaurant serving 80 types of Maggi,http://www.hungryhead.co.in/,2,2,,,0,Middle,2013,Mumbai,Maharashtra,,5.5,,,50,5,1000,0,,,,,,,,,,,,,,,,,,,,,,,,,,,,,,,,,,,,,,1,1,1,1,1,,,,
1,ShrawaniEngineers,20-Dec-21,04-Feb-22,5,Hunt For Interesting Business,Rannvijay Singh,15,Beauty/Fashion,Belly Button Shaper,https://www.shrawaniengineers.com/,2,1,1,,1,Middle,2019,Nagpur,Maharashtra,50,,,,20,10,200,0,,,,,,,,,,,,,,,,,,,,,,,,,,,,,,,,,,,,,,1,1,1,1,1,,,,
1,SkippiIcePops,20-Dec-21,04-Feb-22,6,"New Week, New Ideas",Rannvijay Singh,16,Food,Ice-Pops,https://skippi.in/,2,1,1,,1,Middle,,Hyderabad,Telangana,,6,,,45,5,900,1,1,100,15,,,667,5,,,20,3,,20,3,,20,3,,20,3,,20,3,,,,,,,,,,,,,,,1,1,1,1,1,,,,
1,Menstrupedia,20-Dec-21,04-Feb-22,6,"New Week, New Ideas",Rannvijay Singh,17,Education,Menstrual Awareness Comic,https://www.menstrupedia.com/,2,1,1,,1,Middle,,Ahmedabad,Gujarat,115,,,,50,10,500,1,1,50,20,,,250,1,,,,,,50,20,,,,,,,,,,,,,,,,,,,,,,,,1,1,1,1,1,,,,
1,Hecoll,20-Dec-21,04-Feb-22,6,"New Week, New Ideas",Rannvijay Singh,18,Beauty/Fashion,Pollution Resistant Fabric - Healthy Cover For All,https://hecoll.com/,1,,1,,0,Middle,2019,Hyderabad,Telangana,107,,,,100,1,10000,0,,,,,,,,,,,,,,,,,,,,,,,,,,,,,,,,,,,,,,1,1,1,1,1,,,,
1,RaisingSuperstars,20-Dec-21,04-Feb-22,7,A Never Give Up Spirit,Rannvijay Singh,19,Education,Child Development App,https://raisingsuperstars.com/india-page,2,1,1,,1,Middle,2020,Gurgaon,Haryana,1300,,,,100,2,5000,1,1,100,4,,,2500,2,,,50,2,,,,,,,,,,,50,2,,,,,,,,,,,,,,,1,1,1,1,1,,,,
1,Torch-it,20-Dec-21,04-Feb-22,7,A Never Give Up Spirit,Rannvijay Singh,20,Education,Gadgets for visually impaired people,https://mytorchit.com/,1,1,,,0,Middle,2018,Ahmedabad,Gujarat,,1,,,75,1,7500,1,0,,,,,,,,,,,,,,,,,,,,,,,,,,,,,,,,,,,,,1,1,1,1,1,,,,
1,Kavach,20-Dec-21,04-Feb-22,7,A Never Give Up Spirit,Rannvijay Singh,21,Education,Report bullying incidents,,2,1,1,,,Young,,Gurgaon,Haryana,,,,,5,10,50,1,1,5,10,,,50,2,,,,,,,,,2.5,5,,,,,2.5,5,,,,,,,,,,,,,,,1,1,1,1,1,,,,
1,LaKheerDeli,20-Dec-21,04-Feb-22,7,A Never Give Up Spirit,Rannvijay Singh,22,Food,Kheer in variety of flavors,https://lakheerdeli.com/,3,1,2,,0,Middle,,Pune,Maharashtra,,6,,,50,7.5,667,1,0,,,,,,,,,,,,,,,,,,,,,,,,,,,,,,,,,,,,,1,1,1,1,1,,,,
1,BeyondSnack,20-Dec-21,04-Feb-22,8,Shark Ko Impress Karne Wale Ideas,Rannvijay Singh,23,Food,Kerala Banana Chips,https://www.beyondsnack.in/,1,1,,,0,Middle,,Thiruvananthapuram,Kerala,,20.6,51,,50,2.5,2000,1,1,50,2.5,,,2000,2,,,25,1.25,,,,,,,,,,,25,1.25,,,,,,,,,,,,,,,1,1,1,,1,1,,,
1,VivalyfInnovations,20-Dec-21,04-Feb-22,8,Shark Ko Impress Karne Wale Ideas,Rannvijay Singh,24,Medical/Health,Easy Life Prickless Diabetes Testing Machine,https://vivalyf.in/,2,1,1,,0,Young,,Hyderabad,Telangana,,,,,56,7.5,747,1,1,56,33.33,,,168,2,,,,,,,,,28,16.66,,,,,,,,28,16.66,,,,,,,,,,,,1,1,1,,1,1,,,
1,MotionBreeze,20-Dec-21,04-Feb-22,8,Shark Ko Impress Karne Wale Ideas,Rannvijay Singh,25,Vehicles/Electrical Vehicles,Smart Electric Motorcycle,https://www.motionautomotive.in/,4,4,,,0,Middle,,Vadodara,Gujarat,0,,,,30,3,1000,1,1,30,6,,,500,1,,,30,6,,,,,,,,,,,,,,,,,,,,,,,,,,,1,1,1,,1,1,,,
1,Altor,20-Dec-21,04-Feb-22,9,Defining Innovations,Rannvijay Singh,26,Manufacturing,Smart Helmets,https://www.altorsmarthelmet.com/,4,4,,,0,Young,2019,Kolkata,West Bengal,,,,,50,5,1000,1,1,50,7,,,714,2,,,,,,25,3.5,,,,,,,,25,3.5,,,,,,,,,,,,,,,1,1,1,,1,1,,,
1,Ariro,20-Dec-21,04-Feb-22,9,Defining Innovations,Rannvijay Singh,27,Manufacturing,Wooden Toys,https://arirotoys.com/,2,1,1,,1,Young,2020,Chennai,Tamil Nadu,300,25,50,,50,2.5,2000,1,1,50,10,,,500,2,,,,,,,,,,,,,,,25,5,,25,5,,,,,,,,,,,,1,1,1,,1,1,,,
1,KabiraHandmad,20-Dec-21,04-Feb-22,9,Defining Innovations,Rannvijay Singh,28,Food,Healthy Edible Oils dairy products spices flour,https://www.kabirafoods.com/,2,1,1,,1,Middle,,Jaipur,Rajasthan,,160,3,,100,5,2000,1,0,,,,,,,,,,,,,,,,,,,,,,,,,,,,,,,,,,,,,1,1,1,,1,1,,,
1,Nuutjob,20-Dec-21,04-Feb-22,10,Passion About Entrepreneurship,Rannvijay Singh,29,Beauty/Fashion,Male Intimate Hygiene deo spray,https://nuutjob.com/,2,,2,,0,Young,2021,Ahmedabad,Gujarat,,0.002,70,,25,5,500,1,1,25,20,,,125,3,,,,,,8.33,6.66,,,,,,,,8.33,6.66,,8.33,6.66,,,,,,,,,,,,1,1,1,,1,1,,,
1,Meatyour,20-Dec-21,04-Feb-22,10,Passion About Entrepreneurship,Rannvijay Singh,30,Food,Eggs,https://meatyour.com/,3,3,,,0,Middle,,Pune,Maharashtra,130,2.8,30,,30,5,600,1,1,30,20,,,150,3,,,,,,,,,10,6.66,,,,,10,6.66,,10,6.66,,,,,,,,,,,,1,1,1,,1,1,,,
1,EventBeep,20-Dec-21,04-Feb-22,10,Passion About Entrepreneurship,Rannvijay Singh,31,Education,Student Community App EdTech,https://www.eventbeep.com/,3,2,1,,,Young,,Pune,Maharashtra,,,,,30,2,1500,1,1,30,3,,,1000,3,,,10,1,,,,,,,,,,,10,1,,10,1,,,,,,,,,,,,1,1,1,,1,1,,,
1,Gopal's56,20-Dec-21,04-Feb-22,11,Investment Paane Ka Sapna,Rannvijay Singh,32,Food,Fiber Ice Cream,https://www.gopals56.in/,1,1,,,0,Middle,2014,Delhi,Delhi,80,33,,,30000,25,120000,0,,,,,,,,,,,,,,,,,,,,,,,,,,,,,,,,,,,,,,1,1,1,,1,1,,,
1,ARRCOATSurfaceTextures,20-Dec-21,04-Feb-22,11,Investment Paane Ka Sapna,Rannvijay Singh,33,Manufacturing,Wall Building Surface Textures,https://www.arrcoat.com/,3,3,,,0,Middle,2019,Delhi,Delhi,,6,,,50,5,1000,1,1,50,15,,,333,1,,,,,,,,,50,15,,,,,,,,,,,,,,,,,,,,,1,1,1,,1,1,,,
1,Farda,20-Dec-21,04-Feb-22,11,Investment Paane Ka Sapna,Rannvijay Singh,34,Beauty/Fashion,Customised Streetwear,https://fardaclothing.com/,2,1,1,,0,Young,2021,Nagpur,Maharashtra,,0.32,115,,30,10,300,1,1,30,20,,,150,2,,,,,,15,10,,,,,,,,15,10,,,,,,,,,,,,,,,1,1,1,,1,1,,,
1,Auli,20-Dec-21,04-Feb-22,12,Ek Idea Aur Uske Do Sides,Rannvijay Singh,35,Beauty/Fashion,Ayurvedic Products Skincare Lifestyle,https://aulilifestyle.com/,1,,1,,0,Middle,,Kolkata,West Bengal,,16,80,,75,4,1875,1,1,75,15,,,500,1,,,,,,75,15,,,,,,,,,,,,,,,,,,,,,,,,1,1,1,,1,1,,,
1,SweeDesi,20-Dec-21,04-Feb-22,12,Ek Idea Aur Uske Do Sides,Rannvijay Singh,36,Food,Indian Sweets Online,https://www.sweedesi.com/,2,1,1,,1,Middle,,Pune,Maharashtra,,,,,40,3,1333,0,,,,,,,,,,,,,,,,,,,,,,,,,,,,,,,,,,,,,,1,1,1,,1,1,,,
1,LOKA,20-Dec-21,04-Feb-22,12,Ek Idea Aur Uske Do Sides,Rannvijay Singh,37,Technology/Software,Metaverse App,https://www.lokaworld.app/,1,1,,,0,Young,,Delhi,Delhi,,,,,40,5,800,1,1,40,24,,,167,3,,,,,,,,,13.33,8,,,,,13.33,8,,13.33,8,,,,,,,,,,,,1,1,1,,1,1,,,
1,Annie,20-Dec-21,04-Feb-22,13,Ideas By Young Entrepreneurs,Rannvijay Singh,38,Education,Thinkerbell labs Braille Literary Device,https://www.thinkerbelllabs.com/annie,4,3,1,,1,Young,2016,Bangalore,Karnataka,,4,,,30,0.5,6000,1,1,105,3,,,3500,3,,,,,,35,1,,35,1,,,,,,,,35,1,,,,,,,,,,,,1,1,1,,1,1,,,
1,Carragreen,20-Dec-21,04-Feb-22,13,Ideas By Young Entrepreneurs,Rannvijay Singh,39,Manufacturing,Eco-Friendly boxes,https://carragreen.com/,2,,2,,0,Middle,,Indore,Madhya Pradesh,,,,,50,10,500,1,1,50,20,,,250,2,,,,,,,,,25,10,,,,,,,,25,10,,,,,,,,,,,,1,1,1,,1,1,,,
1,TheYarnBazaar,20-Dec-21,04-Feb-22,13,Ideas By Young Entrepreneurs,Rannvijay Singh,40,Manufacturing,Yarn-Trading App Online Marketplace for Yarn,https://theyarnbazaar.com/,1,1,,,0,Middle,,Mumbai,Maharashtra,180,,,,50,2,2500,1,1,100,10,,,1000,4,,,25,2.5,,,,,25,2.5,,,,,25,2.5,,25,2.5,,,,,,,,,,,,1,1,1,,1,1,,,
1,TheRenalProject,20-Dec-21,04-Feb-22,14,Naye Aur Nayab Pitchers,Rannvijay Singh,41,Medical/Health,Home Dialysis Treatment,https://www.therenalproject.com/,1,1,,,0,Middle,2019,Mumbai,Maharashtra,90,,,,100,3,3333,1,1,100,6,,,1667,2,,,,,,50,3,,,,,,,,50,3,,,,,,,,,,,,,,,1,1,1,,1,1,,,
1,MorrikoPureFoods,20-Dec-21,04-Feb-22,14,Naye Aur Nayab Pitchers,Rannvijay Singh,42,Food,Healthy Food Snacks Kamdhenu foods,https://morrikopurefoods.com/,3,2,1,,0,Middle,2018,Valsad,Gujarat,,16,,,100,3,3333,1,0,,,,,,,,,,,,,,,,,,,,,,,,,,,,,,,,,,,,,1,1,1,,1,1,,,
1,GoodGoodPiggy,20-Dec-21,04-Feb-22,14,Naye Aur Nayab Pitchers,Rannvijay Singh,43,Technology/Software,Digital Piggy Bank,https://goodgoodpiggy.com/,2,,2,,0,Young,,Delhi,Delhi,0,,,,45,5,900,0,,,,,,,,,,,,,,,,,,,,,,,,,,,,,,,,,,,,,,1,1,1,,1,1,,,
1,HammerLifestyle,20-Dec-21,04-Feb-22,15,It's Time To Change,Rannvijay Singh,44,Electronics,Smart Audio Products,https://hammeronline.in/,3,3,,,0,Young,,Panipat,Haryana,1000,,,,30,3,1000,1,1,100,40,,,250,1,,,,,,,,,,,,,,,100,40,,,,,,,,,,,,,,,1,1,1,,1,1,,,
1,PNT,20-Dec-21,04-Feb-22,15,It's Time To Change,Rannvijay Singh,45,Technology/Software,Robotics and Automation Solutions,https://pntsolutions.in/,2,2,,,0,Young,2021,Mumbai,Maharashtra,,,,,50,4,1250,1,1,25,25,25,,100,1,,,,,,,,,,,,,,,,,,25,25,25,,,,,,,,,,,1,1,1,,1,1,,,
1,Cocofit,20-Dec-21,04-Feb-22,15,It's Time To Change,Rannvijay Singh,46,Food,Coconut based beverage franchise,https://www.cocofit.in/,3,3,,,0,Middle,2019,Hyderabad,Telangana,100,,95,,0.00005,5,0,1,1,0.00005,5,,,0,3,,,,,,0.000016,1.666,,0.000016,1.666,,,,,0.000016,1.666,,,,,,,,,,,,,,,1,1,1,,1,1,,,
1,BambooIndia,20-Dec-21,04-Feb-22,16,Winning The Sharks Trust,Rannvijay Singh,47,Manufacturing,Bamboo Products,https://www.bambooindia.com/,2,1,1,,1,Middle,2016,Pune,Maharashtra,,20,,,80,4,2000,1,1,50,3.5,30,,1429,2,,,25,1.75,15,,,,25,1.75,15,,,,,,,,,,,,,,,,,,,,1,1,1,,1,1,,,
1,FlyingFur,20-Dec-21,04-Feb-22,16,Winning The Sharks Trust,Rannvijay Singh,48,Animal/Pets,Dog pets Hygiene,https://flyingfur.in/,3,2,1,,0,Middle,,Delhi,Delhi,,,,,75,7,1071,0,,,,,,,,,,,,,,,,,,,,,,,,,,,,,,,,,,,,,,1,1,1,,1,1,,,
1,BeyondWater,20-Dec-21,04-Feb-22,16,Winning The Sharks Trust,Rannvijay Singh,49,Food,Liquid Water Enhancer,https://drinkbeyond.co.in/,2,1,1,,0,Young,2020,Kolkata,West Bengal,,10,,,75,4,1875,1,1,75,15,,,500,2,,,,,,37.5,7.5,,,,,,,,37.5,7.5,,,,,,,,,,,,,,,1,1,1,,1,1,,,
1,Let'sTry,20-Dec-21,04-Feb-22,16,Winning The Sharks Trust,Rannvijay Singh,50,Food,Healthy Snacks,https://www.letstryfoods.com/,4,1,3,,1,Middle,2017,Delhi,Delhi,,3,55,,45,2,2250,1,1,45,12,,,375,2,,,,,,,,,22.5,6,,,,,22.5,6,,,,,,,,,,,,,,,1,1,1,,1,1,,,
1,FindYourKicksIndia,20-Dec-21,04-Feb-22,17,A Wave Of Startups,Rannvijay Singh,51,Beauty/Fashion,Sneaker Resale,https://findyourkicksindia.co/,3,3,,,0,Young,2021,Ludhiana,Punjab,,3.5,,,50,10,500,1,1,50,25,,,200,5,,,10,5,,10,5,,10,5,,,,,10,5,,10,5,,,,,,,,,,,,1,1,1,,1,1,,,
1,AasVidyalaya,20-Dec-21,04-Feb-22,17,A Wave Of Startups,Rannvijay Singh,52,Education,EdTech App,https://www.aasvidyalaya.com/,2,1,1,,1,Middle,2019,Mumbai,Maharashtra,150,,,,150,3,5000,1,1,150,15,,,1000,3,,,50,5,,50,5,,,,,,,,,,,50,5,,,,,,,,,,,,1,1,1,,1,1,,,
1,Outbox,20-Dec-21,04-Feb-22,17,A Wave Of Startups,Rannvijay Singh,53,Services,Premium Surprise-Planning,https://www.outboxsurprises.com/,2,1,1,,1,Young,2017,Kolkata,West Bengal,110,,,,50,5,1000,0,,,,,,,,,,,,,,,,,,,,,,,,,,,,,,,,,,,,,,1,1,1,,1,1,,,
1,RoadBounce,20-Dec-21,04-Feb-22,17,A Wave Of Startups,Rannvijay Singh,54,Technology/Software,Pothole Detection Software and Data,https://www.roadbounce.com/,1,1,,,0,Middle,2016,Pune,Maharashtra,250,,,,80,10,800,1,1,80,20,,,400,1,,,,,,,,,,,,,,,,,,80,20,,,,,,,,,,,,1,1,1,,1,1,,,
1,Mommy'sKitchen,20-Dec-21,04-Feb-22,18,Investing In Profitable Businesses,Rannvijay Singh,55,Food,Thin Crust Pizza,https://mommys.kitchen/,3,2,1,,0,Middle,2016,Mumbai,Maharashtra,,4.5,,,90,3,3000,0,,,,,,,,,,,,,,,,,,,,,,,,,,,,,,,,,,,,,,1,1,1,,1,1,,,
1,IndiaHempandCo,20-Dec-21,04-Feb-22,18,Investing In Profitable Businesses,Rannvijay Singh,56,Food,Hemp Food Products,https://www.indiahempandco.com/,1,,1,,0,Middle,2019,Bangalore,Karnataka,,2,,,50,4,1250,1,0,,,,,,,,,,,,,,,,,,,,,,,,,,,,,,,,,,,,,1,1,1,,1,1,,,
1,Otua,20-Dec-21,04-Feb-22,18,Investing In Profitable Businesses,Rannvijay Singh,57,Vehicles/Electrical Vehicles,Electric Auto Vehicle Dandera,https://www.danderaelectric.com/,2,2,,,0,Middle,2018,Gurgaon,Haryana,,,,,100,1,10000,1,1,1,1,99,,100,1,,,1,1,99,,,,,,,,,,,,,,,,,,,,,,,,,,1,1,1,,1,1,,,
1,Anthyesti,20-Dec-21,04-Feb-22,18,Investing In Profitable Businesses,Rannvijay Singh,58,Services,Funeral Service the last rites,https://anthyesti.com/,1,,1,,0,Middle,2015,Bangalore,Karnataka,116,,50,,50,2.5,2000,0,,,,,,,,,,,,,,,,,,,,,,,,,,,,,,,,,,,,,,1,1,1,,1,1,,,
1,Ethik,20-Dec-21,04-Feb-22,19,Forming An Idea And Bagging A Deal,Rannvijay Singh,59,Manufacturing,Leather-free Shoes,https://www.ethik.in/,2,2,,,0,Middle,2012,Bangalore,Karnataka,,1,,,15,5,300,0,,,,,,,,,,,,,,,,,,,,,,,,,,,,,,,,,,,,,,1,1,1,,1,1,,,
1,WeSTOCK,20-Dec-21,04-Feb-22,19,Forming An Idea And Bagging A Deal,Rannvijay Singh,60,Animal/Pets,Brainwired Livestock health monitoring AI pets ear tag,https://www.brainwired.in/,2,2,,,0,Middle,,Ernakulam,Kerala,55,,,,50,5,1000,1,1,60,10,,,600,4,,,15,2.5,,15,2.5,,,,,,,,15,2.5,,15,2.5,,,,,,,,,,,,1,1,1,,1,1,,,
1,KetoIndia,20-Dec-21,04-Feb-22,19,Forming An Idea And Bagging A Deal,Rannvijay Singh,61,Food,Customised Keto Diets for various Medical/Health issues,https://www.ketoindia.fit/,1,1,,,0,Young,,Delhi,Delhi,180,,,,150,1.25,12000,1,0,,,,,,,,,,,,,,,,,,,,,,,,,,,,,,,,,,,,,1,1,1,,1,1,,,
1,Magiclock,20-Dec-21,04-Feb-22,19,Forming An Idea And Bagging A Deal,Rannvijay Singh,62,Hardware,LPG Cylinder lock,http://www.magiclockdc.com/,3,3,,,0,Middle,,Mumbai,Maharashtra,,0.04,,,120,8,1500,0,,,,,,,,,,,,,,,,,,,,,,,,,,,,,,,,,,,,,,1,1,1,,1,1,,,
1,TheStatePlate,20-Dec-21,04-Feb-22,20,A Variety Of Ideas,Rannvijay Singh,63,Food,Delicacies,https://thestateplate.com/,2,1,1,,0,Young,2020,"Bangalore,Kolkata","Karnataka,West Bengal",,40,,,65,2,3250,1,1,40,3,25,,1333,1,,,,,,,,,,,,,,,,,,40,3,25,,,,,,,,,,,1,1,1,,1,1,,,
1,Bakarmax,20-Dec-21,04-Feb-22,20,A Variety Of Ideas,Rannvijay Singh,64,Technology/Software,Comics & Animation,https://bakarmax.com/,2,2,,,0,Young,2020,Delhi,Delhi,35,,,,35,5,700,0,,,,,,,,,,,,,,,,,,,,,,,,,,,,,,,,,,,,,,1,1,1,,1,1,,,
1,INACAN,20-Dec-21,04-Feb-22,20,A Variety Of Ideas,Rannvijay Singh,65,Food,Can Cocktails,https://inacan.in/,3,3,,,0,Middle,2020,Pune,Maharashtra,,23,,,50,2,2500,1,1,100,10,,,1000,5,,,20,2,,20,2,,20,2,,,,,20,2,,20,2,,,,,,,,,,,,1,1,1,,1,1,,,
1,Get-A-Whey,20-Dec-21,04-Feb-22,21,Game-changing Ideas,Rannvijay Singh,66,Food,Sugar-Free Icecream,https://getawhey.in/,2,1,1,,0,Middle,2018,Mumbai,Maharashtra,360,0.25,69,,100,8,1250,1,1,100,15,,,667,3,,,33.33,5,,,,,,,,33.33,5,,33.33,5,,,,,,,,,,,,,,,1,,1,1,1,1,,,
1,Sid07Designs,20-Dec-21,04-Feb-22,21,Game-changing Ideas,Rannvijay Singh,67,Hardware,Inventions,https://sid07designs.com/,1,1,,,0,Young,2018,Jammu,Jammu & Kashmir,,1,,,47,10,470,1,1,25,75,22,,33,1,,,,,,,,,,,,,,,,,,25,75,22,,,,,,,,,,,1,,1,1,1,1,,,
1,TheQuirkyNaari,20-Dec-21,04-Feb-22,21,Game-changing Ideas,Rannvijay Singh,68,Beauty/Fashion,Customised Apparels,https://thequirkynaari.com/,1,,1,,0,Young,2018,Mathura,Uttar Pradesh,,3,,,35,5,700,1,1,35,24,,,146,2,,,,,,,,,17.5,12,,17.5,12,,,,,,,,,,,,,,,,,,1,,1,1,1,1,,,
1,HairOriginals,20-Dec-21,04-Feb-22,22,Turning Ideas Into Businesses,Rannvijay Singh,69,Beauty/Fashion,Natural Hair Extensions,https://www.hairoriginals.in/,3,3,,,0,Middle,2019,Gurgaon,Haryana,,50,62,,60,2,3000,1,1,60,4,,,1500,3,,,20,1.33,,,,,20,1.33,,,,,,,,20,1.33,,,,,,,,,,,,1,,1,1,1,1,,,
1,Poo-de-Cologne,20-Dec-21,04-Feb-22,22,Turning Ideas Into Businesses,Rannvijay Singh,70,Beauty/Fashion,Toilet Spray with Essential Oils,https://www.poodecologne.com/,1,,1,,0,Middle,,Mumbai,Maharashtra,,0.75,150,,75,5,1500,0,,,,,,,,,,,,,,,,,,,,,,,,,,,,,,,,,,,,,,1,,1,1,1,1,,,
1,Moonshine,20-Dec-21,04-Feb-22,22,Turning Ideas Into Businesses,Rannvijay Singh,71,Food,Meads,https://www.moonshinemeadery.com/,2,2,,,0,Middle,2018,Mumbai,Maharashtra,372,,70,,80,0.5,16000,1,0,,,,,,,,,,,,,,,,,,,,,,,,,,,,,,,,,,,,,1,,1,1,1,1,,,
1,Falhari,20-Dec-21,04-Feb-22,22,Turning Ideas Into Businesses,Rannvijay Singh,72,Food,Fresh Fruits salads,https://falhari.com/,3,3,,,0,Middle,2015,Gurgaon,Haryana,,1,25,,50,2,2500,1,0,,,,,,,,,,,,,,,,,,,,,,,,,,,,,,,,,,,,,1,,1,1,1,1,,,
1,NamhyaFoods,20-Dec-21,04-Feb-22,23,Investing In Innovation,Rannvijay Singh,73,Food,Ayurvedic Enriched Food,https://namhyafoods.com/,1,,1,,0,Young,2019,Jammu,Jammu & Kashmir,,16,34,,100,5,2000,1,1,50,10,50,,500,1,,,,,,,,,,,,,,,50,10,50,,,,,,,,,,,,,,1,,1,1,1,1,,,
1,UrbanMonkey,20-Dec-21,04-Feb-22,23,Investing In Innovation,Rannvijay Singh,74,Beauty/Fashion,Streetwear,https://www.urbanmonkey.com/,1,1,,,0,Young,2014,Mumbai,Maharashtra,,200,25,,100,1,10000,1,0,,,,,,,,,,,,,,,,,,,,,,,,,,,,,,,,,,,,,1,,1,1,1,1,,,
1,GuardianGears,20-Dec-21,04-Feb-22,23,Investing In Innovation,Rannvijay Singh,75,Manufacturing,Motorcycle Luggage bags,https://guardiangears.in/,2,1,1,,1,Middle,2018,Hyderabad,Telangana,2500,21,50,,30,5,600,1,0,,,,,,,,,,,,,,,,,,,,,,,,,,,,,,,,,,,,,1,,1,1,1,1,,,
1,ModernMyth,20-Dec-21,04-Feb-22,23,Investing In Innovation,Rannvijay Singh,76,Beauty/Fashion,Bags Slings Clutches Handbags Totes Laptop Bags Travel Essentials Pouches Trunks & Gifting,https://www.modernmyth.in/,2,1,1,,0,Young,2019,Delhi,Delhi,,14,,,75,5,1500,0,,,,,,,,,,,,,,,,,,,,,,,,,,,,,,,,,,,,,,1,,1,1,1,1,,,
1,TheSassBar,20-Dec-21,04-Feb-22,24,A Decade Of Indian Entrepreneurship,Rannvijay Singh,77,Beauty/Fashion,Gifts Soaps,https://www.thesassbar.com/,1,,1,,0,Young,2021,Mumbai,Maharashtra,,7,65,,40,8,500,1,1,50,35,,,143,2,,,,,,,,,25,17.5,,,,,,,,,,,25,17.5,,,,,,,,,,1,1,1,,1,1,,
1,KGAgrotech,20-Dec-21,04-Feb-22,24,A Decade Of Indian Entrepreneurship,Rannvijay Singh,78,Agriculture,Agricultural Innovations,,2,2,,,0,Young,2014,Malegaon,Maharashtra,,,,,30,10,300,1,1,10,40,20,,25,1,,,,,,,,,,,,,,,,,,10,40,20,,,,,,,,,,,,1,1,1,,1,1,,
1,NuskhaKitchen,20-Dec-21,04-Feb-22,24,A Decade Of Indian Entrepreneurship,Rannvijay Singh,79,Food,Homemade after delivery Foods,https://nuskhakitchen.com/,2,1,1,,0,Middle,2019,Jaipur,Rajasthan,,1.45,,,20,10,200,0,,,,,,,,,,,,,,,,,,,,,,,,,,,,,,,,,,,,,,,1,1,1,,1,1,,
1,PawsIndia,20-Dec-21,04-Feb-22,25,An Ocean Of Opportunities,Rannvijay Singh,80,Animal/Pets,Dog Products,https://pawsindia.com/,1,,1,,0,Young,2016,Mumbai,Maharashtra,,20,,,50,4,1250,1,1,50,15,,,333,1,,,,,,,,,50,15,,,,,,,,,,,,,,,,,,,,,,1,1,1,,1,1,,
1,SunfoxTechnologies,20-Dec-21,04-Feb-22,25,An Ocean Of Opportunities,Rannvijay Singh,81,Medical/Health,Portable ECG Device,https://www.sunfox.in/,4,4,,,0,Young,2016,Dehradun,Uttarakhand,120,5,,,100,2,5000,1,1,100,6,,,1667,5,,,,,,20,1.2,,20,1.2,,20,1.2,,,,,20,1.2,,20,1.2,,,,,,,,,,1,1,1,,1,1,,
1,Alpino,20-Dec-21,04-Feb-22,25,An Ocean Of Opportunities,Rannvijay Singh,82,Food,Roasted Peanut butter Products,https://alpino.store/,4,4,,,0,Young,2016,Surat,Gujarat,1000,,38,,150,2,7500,1,0,,,,,,,,,,,,,,,,,,,,,,,,,,,,,,,,,,,,,,1,1,1,,1,1,,
1,IsakFragrances,20-Dec-21,04-Feb-22,26,Revolutionary Ideas,Rannvijay Singh,83,Beauty/Fashion,Perfumes Fragrances,https://isakfragrances.com/,1,,1,,0,Young,2016,Lucknow,Uttar Pradesh,,3.5,,,50,8,625,1,1,50,50,,,100,1,,,,,,,,,,,,,,,,,,50,50,,,,,,,,,,,,,1,1,1,,1,1,,
1,JulaaAutomation,20-Dec-21,04-Feb-22,26,Revolutionary Ideas,Rannvijay Singh,84,Manufacturing,Automatic Cradle,https://www.automaticjulaa.com/,3,3,,,0,Middle,2022,Ahmedabad,Gujarat,0,,,,50,10,500,0,,,,,,,,,,,,,,,,,,,,,,,,,,,,,,,,,,,,,,,1,1,1,,1,1,,
1,RarePlanet,20-Dec-21,04-Feb-22,26,Revolutionary Ideas,Rannvijay Singh,85,Manufacturing,Handicrafts,https://rareplanet.in/,2,2,,,0,Middle,2015,Kolkata,West Bengal,,12,,,65,1,6500,1,1,65,3,,,2167,1,,,,,,65,3,,,,,,,,,,,,,,,,,,,,,,,,,1,1,1,,1,1,,
1,ThekaCoffee,20-Dec-21,04-Feb-22,27,Investing In The Future Of India,Rannvijay Singh,86,Food,Coffee Products,https://thekacoffee.com/,1,1,,,0,Young,2018,Gandhinagar,Gujarat,180,4,,,50,10,500,0,,,,,,,,,,,,,,,,,,,,,,,,,,,,,,,,,,,,,,,1,1,1,,1,1,,
1,WattTechnovations,20-Dec-21,04-Feb-22,27,Investing In The Future Of India,Rannvijay Singh,87,Medical/Health,Ventilated PPE Kits,https://www.watttechnovations.com/,1,1,,,0,Young,2020,Pune,Maharashtra,,,,,0.00101,2,0,1,1,0.00101,4,,,0,4,,,,,,0.0002525,1,,0.0002525,1,,,,,,,,0.0002525,1,,0.0002525,1,,,,,,,,,,1,1,1,,1,1,,
1,AlisteTechnologies,20-Dec-21,04-Feb-22,27,Investing In The Future Of India,Rannvijay Singh,88,Technology/Software,Automation Solutions,https://www.alistetechnologies.com/,6,6,,,0,Young,2020,Noida,Uttar Pradesh,,7.5,40,,60,5,1200,1,0,,,,,,,,,,,,,,,,,,,,,,,,,,,,,,,,,,,,,,1,1,1,,1,1,,
1,InsuranceSamadhan,20-Dec-21,04-Feb-22,27,Investing In The Future Of India,Rannvijay Singh,89,Services,Insurance Solutions,https://www.insurancesamadhan.com/,3,2,1,,0,Middle,2016,Noida,Uttar Pradesh,,22,,,100,1,10000,1,1,100,4,,,2500,1,,,,,,,,,,,,,,,,,,100,4,,,,,,,,,,,,,1,1,1,,1,1,,
1,HumpyA2,20-Dec-21,04-Feb-22,28,Meeting The New India Minds,Rannvijay Singh,90,Food,Organic Milk A2 Products,https://humpyfarms.com/,3,2,1,,0,Middle,2017,Pune,Maharashtra,208,,44,,75,4,1875,1,1,100,15,,,667,3,,,,,,,,,,,,33.33,5,,,,,33.33,5,,33.33,5,,,,,,,,,,1,1,1,,1,1,,
1,KunafaWorld,20-Dec-21,04-Feb-22,28,Meeting The New India Minds,Rannvijay Singh,91,Food,Kunafa food products,https://www.kunafaworld.com/,2,1,1,,1,Young,2018,Mangalore,Karnataka,200,30,30,,90,5,1800,0,,,,,,,,,,,,,,,,,,,,,,,,,,,,,,,,,,,,,,,1,1,1,,1,1,,
1,GoldSafeSolutions,20-Dec-21,04-Feb-22,28,Meeting The New India Minds,Rannvijay Singh,92,Manufacturing,Anti-Suicidal Fan Rod,https://www.goldlife.co.in/,2,2,,,0,Middle,2017,Mumbai,Maharashtra,50,,25,,50,5,1000,1,1,50,30,,,167,3,,,,,,,,,,,,16.66,10,,,,,16.66,10,,16.66,10,,,,,,,,,,1,1,1,,1,1,,
1,WakaoFoods,20-Dec-21,04-Feb-22,29,Businesses Of Tomorrow,Rannvijay Singh,93,Food,Jackfruit Products,https://wakaofoods.com/,1,1,,,0,Middle,2021,Goa,Goa,,6,,,75,5,1500,1,1,75,21,,,357,3,,,,,,25,7,,,,,25,7,,,,,,,,25,7,,,,,,,,,,1,1,1,,1,1,,
1,PDDFalcon,20-Dec-21,04-Feb-22,29,Businesses Of Tomorrow,Rannvijay Singh,94,Manufacturing,Stainless Steel Items,https://falconproducts.co.in/,2,1,1,,1,Young,2018,Gandhinagar,Gujarat,272,,30,,75,3,2500,1,0,,,,,,,,,,,,,,,,,,,,,,,,,,,,,,,,,,,,,,1,1,1,,1,1,,
1,PlayBoxTV,20-Dec-21,04-Feb-22,29,Businesses Of Tomorrow,Rannvijay Singh,95,Services,Streaming Platform,https://playboxtv.in/,2,2,,,0,Young,2017,Mumbai,Maharashtra,1020,,,,100,3.5,2857,1,0,,,,,,,,,,,,,,,,,,,,,,,,,,,,,,,,,,,,,,1,1,1,,1,1,,
1,Sippline,20-Dec-21,04-Feb-22,30,Sharks Ki Expertise,Rannvijay Singh,96,Manufacturing,Portable Glass Attachment Drinking Shields,https://www.sippline.com/,1,1,,,0,Middle,2019,Pune,Maharashtra,,,,,75,15,500,0,,,,,,,,,,,,,,,,,,,,,,,,,,,,,,,,,,,,,,1,1,1,1,1,,,,
1,KabaddiAdda,20-Dec-21,04-Feb-22,30,Sharks Ki Expertise,Rannvijay Singh,97,Sports,All-Kabaddi App,https://www.kabaddiadda.com/,2,2,,,0,Middle,2019,Bangalore,Karnataka,250,,,,80,1,8000,1,1,80,6,,,1333,2,,,,,,40,3,,,,,40,3,,,,,,,,,,,,,,,,,,1,1,1,1,1,,,,
1,ShadesofSpring,20-Dec-21,04-Feb-22,30,Sharks Ki Expertise,Rannvijay Singh,98,Services,Flowers,https://shadesofspring.in/,2,1,1,,1,Young,2019,Bangalore,Karnataka,900,,29,,300,1,30000,0,,,,,,,,,,,,,,,,,,,,,,,,,,,,,,,,,,,,,,1,1,1,1,1,,,,
1,Scholify,20-Dec-21,04-Feb-22,30,Sharks Ki Expertise,Rannvijay Singh,99,Education,Scholarship Platform,https://scholifyme.com/,1,1,,,0,Middle,,Bangalore,Karnataka,0,,,,50,7.5,667,0,,,,,,,,,,,,,,,,,,,,,,,,,,,,,,,,,,,,,,1,1,1,1,1,,,,
1,Scrapshala,20-Dec-21,04-Feb-22,31,Entrepreneurship Ki Raah,Rannvijay Singh,100,Manufacturing,Handmade Reusable Scrap Materials,https://scrapshala.com/,2,,2,,0,Middle,2016,Varanasi,Uttar Pradesh,,2,,,50,10,500,0,,,,,,,,,,,,,,,,,,,,,,,,,,,,,,,,,,,,,,1,1,1,1,1,,,,
1,Sabjikothi,20-Dec-21,04-Feb-22,31,Entrepreneurship Ki Raah,Rannvijay Singh,101,Manufacturing,Vegetables Storage SaptKrishi,https://www.saptkrishi.com/,2,1,1,,0,Young,,Bhagalpur,Bihar,0,,,,60,2.5,2400,0,,,,,,,,,,,,,,,,,,,,,,,,,,,,,,,,,,,,,,1,1,1,1,1,,,,
1,AyuRythm,20-Dec-21,04-Feb-22,31,Entrepreneurship Ki Raah,Rannvijay Singh,102,Medical/Health,Ayurvedic Wellness App,https://www.ayurythm.com/home/,3,3,,,0,Middle,2016,Bangalore,Karnataka,,,,,75,2,3750,1,1,75,2.68,,,2799,1,,,,,,,,,,,,,,,75,2.68,,,,,,,,,,,,,,,1,1,1,1,1,,,,
1,Astrix,20-Dec-21,04-Feb-22,31,Entrepreneurship Ki Raah,Rannvijay Singh,103,Manufacturing,Smart Locks Qtouch,https://www.astrixengineering.com/,2,1,1,,1,Middle,2021,Coimbatore,Tamil Nadu,,18,,,75,3,2500,0,,,,,,,,,,,,,,,,,,,,,,,,,,,,,,,,,,,,,,1,1,1,1,1,,,,
1,TheaandSid,20-Dec-21,04-Feb-22,32,The Road To Success,Rannvijay Singh,104,Services,Proposal Solutions,https://theaandsid.com/,2,,2,,0,Middle,2021,Mumbai,Maharashtra,16,10,75,,80,7,1143,0,,,,,,,,,,,,,,,,,,,,,,,,,,,,,,,,,,,,,,1,1,1,,1,1,,,
1,ExperentialEtc,20-Dec-21,04-Feb-22,32,The Road To Success,Rannvijay Singh,105,Technology/Software,Technology layered advertisement services,https://www.experientialetc.com/,2,2,,,0,Middle,2017,Mumbai,Maharashtra,100,,,,200,4,5000,1,0,,,,,,,,,,,,,,,,,,,,,,,,,,,,,,,,,,,,,1,1,1,,1,1,,,
1,GrowFitter,20-Dec-21,04-Feb-22,32,The Road To Success,Rannvijay Singh,106,Technology/Software,Rewards App,https://www.growfitter.com/,2,2,,,0,Middle,2016,Mumbai,Maharashtra,170,,,,50,1,5000,1,1,50,2,,,2500,1,,,,,,,,,,,,,,,50,2,,,,,,,,,,,,,,,1,1,1,,1,1,,,
1,C3Med-Tech,20-Dec-21,04-Feb-22,32,The Road To Success,Rannvijay Singh,107,Medical/Health,Portable ophthalmic vision devices,https://c3prototypes.com/,2,1,1,,1,Middle,2019,Ahmedabad,Gujarat,,,,,35,6,583,1,0,,,,,,,,,,,,,,,,,,,,,,,,,,,,,,,,,,,,,1,1,1,,1,1,,,
1,ColourMeMad-CMM,20-Dec-21,04-Feb-22,33,Life-Changing Ideas,Rannvijay Singh,108,Beauty/Fashion,Insoles,https://yourfootdoctor.in/,2,1,1,,1,Middle,2017,Mumbai,Maharashtra,,0.66,,,40,10,400,1,1,40,25,,,160,1,,,,,,40,25,,,,,,,,,,,,,,,,,,,,,,,,1,1,1,,1,1,,,
1,Mavi's,20-Dec-21,04-Feb-22,33,Life-Changing Ideas,Rannvijay Singh,109,Food,Vegan Fermented Food,https://mavispantry.com/,2,1,1,,1,Middle,2018,Thane,Maharashtra,,2,,,40,5,800,0,,,,,,,,,,,,,,,,,,,,,,,,,,,,,,,,,,,,,,1,1,1,,1,1,,,
1,TweekLabs,20-Dec-21,04-Feb-22,33,Life-Changing Ideas,Rannvijay Singh,110,Sports,Sportswear,https://www.tweek-labs.com/,4,4,,,0,Middle,2019,Delhi,Delhi,,,,,40,2,2000,1,1,60,10,,,600,3,,,20,3.33,,,,,20,3.33,,,,,,,,20,3.33,,,,,,,,,,,,1,1,1,,1,1,,,
1,Proxgy,20-Dec-21,04-Feb-22,33,Life-Changing Ideas,Rannvijay Singh,111,Technology/Software,Virtual Reality,https://www.proxgy.com/,2,2,,,0,Middle,2020,Delhi,Delhi,,,,,35,1,3500,1,1,100,10,,,1000,2,,,50,5,,,,,,,,,,,,,,50,5,,,,,,,,,,,,1,1,1,,1,1,,,
1,NomadFoodProject,20-Dec-21,04-Feb-22,34,Scaling Ambitions,Rannvijay Singh,112,Food,Bacon Jams Relishes,https://nomadfoodproject.com/,2,2,,,0,Young,2019,"Delhi,Pune","Delhi,Maharashtra",,3,70,,40,10,400,1,1,40,20,,,200,4,,,10,5,,10,5,,,,,10,5,,,,,,,,10,5,,,,,,,,,1,1,1,1,1,1,1,,
1,TweeInOne,20-Dec-21,04-Feb-22,34,Scaling Ambitions,Rannvijay Singh,113,Beauty/Fashion,Reversible and convertible clothing,https://tweeinone.com/,1,,1,,0,Young,2017,Mumbai,Maharashtra,,,,,30,7.5,400,0,,,,,,,,,,,,,,,,,,,,,,,,,,,,,,,,,,,,,,1,1,1,1,1,1,1,,
1,GreenProtein,20-Dec-21,04-Feb-22,34,Scaling Ambitions,Rannvijay Singh,114,Food,Plant-Based Protein,https://greenprotein.co.in/,2,1,1,,1,Middle,2019,Mumbai,Maharashtra,,12,40,,60,2,3000,1,0,,,,,,,,,,,,,,,,,,,,,,,,,,,,,,,,,,,,,1,1,1,1,1,1,1,,
1,On2Cook,20-Dec-21,04-Feb-22,34,Scaling Ambitions,Rannvijay Singh,115,Food,Fastest Cooking Device,https://on2cook.com/,1,1,,,0,Middle,,Ahmedabad,Gujarat,0,,,,100,1,10000,0,,,,,,,,,,,,,,,,,,,,,,,,,,,,,,,,,,,,,,1,1,1,1,1,1,1,,
1,JainShikanji,20-Dec-21,04-Feb-22,35,The Final Destination,Rannvijay Singh,116,Food,Lemonade,https://jainshikanjimasala.com/,1,1,,,0,Middle,2017,Modinagar,Uttar Pradesh,,2,,,40,8,500,1,1,40,30,,,133,4,,,10,7.5,,,,,10,7.5,,10,7.5,,10,7.5,,,,,,,,,,,,,,,1,1,1,1,1,1,1,,
1,Woloo,20-Dec-21,04-Feb-22,35,The Final Destination,Rannvijay Singh,117,Technology/Software,Washroom Finder,https://woloo.in/,3,1,2,,0,Middle,2020,Mumbai,Maharashtra,108,,,,50,4,1250,1,0,,,,,,,,,,,,,,,,,,,,,,,,,,,,,,,,,,,,,1,1,1,1,1,1,1,,
1,ElcareIndia,20-Dec-21,04-Feb-22,35,The Final Destination,Rannvijay Singh,118,Medical/Health,Carenting for Elders,https://elcare.co/,3,2,1,,0,Middle,2021,Mumbai,Maharashtra,60,,30,,100,2.5,4000,0,,,,,,,,,,,,,,,,,,,,,,,,,,,,,,,,,,,,,,1,1,1,1,1,1,1,,
1,SneaKare,20-Dec-21,04-Feb-22,36,Gateway To Shark Tank India,Rannvijay Singh,119,Beauty/Fashion,Shoe Sneaker kits storage crates,https://sneakare.com/,1,1,,,0,Young,2020,Delhi,Delhi,,7,,,20,5,400,1,1,21,12,,,175,3,,,,,,7,4,,,,,7,4,,7,4,,,,,,,,,,,,,,,,,,,,,,,
1,FrenchCrown,20-Dec-21,04-Feb-22,36,Gateway To Shark Tank India,Rannvijay Singh,120,Beauty/Fashion,Clothes,https://frenchcrown.in/,2,2,,,0,Middle,2017,Surat,Gujarat,7200,,70,,150,0.33,45455,1,0,,,,,,,,,,,,,,,,,,,,,,,,,,,,,,,,,,,,,,,,,,,,,
1,StoreMyGoods,20-Dec-21,04-Feb-22,36,Gateway To Shark Tank India,Rannvijay Singh,121,Services,Storage solutions,https://storemygoods.in/,3,2,1,,1,Middle,2020,Noida,Uttar Pradesh,100,,,,100,1.75,5714,1,1,50,4,50,,1250,2,,,,,,25,2,25,,,,,,,,,,25,2,25,,,,,,,,,,,,,,,,,,,
1,Devnagri,20-Dec-21,04-Feb-22,36,Gateway To Shark Tank India,Rannvijay Singh,122,Technology/Software,Translation of language content,https://devnagri.com/,2,2,,,0,Middle,2020,Delhi,Delhi,500,,,,100,1,10000,1,0,,,,,,,,,,,,,,,,,,,,,,,,,,,,,,,,,,,,,,,,,,,,,
1,WitBlox,20-Dec-21,04-Feb-22,0,Unseen,Rannvijay Singh,123,Manufacturing,Kids playing equipment,https://witblox.com/,2,1,1,,0,Middle,2020,Mumbai,Maharashtra,,,,,60,3,2000,1,1,60,10,,,600,2,,,,,,,,,,,,,,,,,,30,5,,30,5,,,,,,,,,,,,,,,,,
1,Kineer,20-Dec-21,04-Feb-22,0,Unseen,Rannvijay Singh,124,Food,Packaged drinking water,https://www.kineerblessed.com/,2,1,,1,0,Middle,2018,Pune,Maharashtra,,2,,,100,10,1000,0,,,,,,,,,,,,,,,,,,,,,,,,,,,,,,,,,,,,,,,,,,,,,,
1,PiChem,20-Dec-21,04-Feb-22,0,Unseen,Rannvijay Singh,125,Manufacturing,Chemical products,http://www.pichem.in/,1,1,,,0,Young,2021,Lucknow,Uttar Pradesh,,1.77,50,,40,5,800,0,,,,,,,,,,,,,,,,,,,,,,,,,,,,,,,,,,,,,,,,,,,,,,
1,Clensta,20-Dec-21,04-Feb-22,0,Unseen,Rannvijay Singh,126,Beauty/Fashion,Waterless bathing technology products,https://clensta.com/,1,1,,,0,Middle,2017,Delhi,Delhi,,150,,,100,1,10000,0,,,,,,,,,,,,,,,,,,,,,,,,,,,,,,,,,,,,,,,,,,,,,,
1,InfinitiInsects,20-Dec-21,04-Feb-22,0,Unseen,Rannvijay Singh,127,Animal/Pets,Live insect feed for pets,https://infiniti-insects.business.site/,2,1,1,,,Middle,2016,Bangalore,Karnataka,,0.5,,,25,10,250,0,,,,,,,,,,,,,,,,,,,,,,,,,,,,,,,,,,,,,,,,,,,,,,
1,AshwaPro,20-Dec-21,04-Feb-22,0,Unseen,Rannvijay Singh,128,Services,Outdoor cycling gym,https://ashwa.pro/,1,1,,,0,Middle,,Jaipur,Rajasthan,,,,,50,10,500,0,,,,,,,,,,,,,,,,,,,,,,,,,,,,,,,,,,,,,,,,,,,,,,
1,Mine4Nine,20-Dec-21,04-Feb-22,0,Unseen,Rannvijay Singh,129,Beauty/Fashion,Trendy maternity dresses,https://mine4nine.in/,2,1,1,,1,Middle,2019,Gurgaon,Haryana,260,,,,75,4,1875,0,,,,,,,,,,,,,,,,,,,,,,,,,,,,,,,,,,,,,,,,,,,,,,
1,StudioBeej,20-Dec-21,04-Feb-22,0,Unseen,Rannvijay Singh,130,Beauty/Fashion,Sustainable leather accessories,https://studiobeej.com/,1,,1,,0,Middle,2020,Mumbai,Maharashtra,112,,,,75,7.5,1000,0,,,,,,,,,,,,,,,,,,,,,,,,,,,,,,,,,,,,,,,,,,,,,,
1,Sattuz,20-Dec-21,04-Feb-22,0,Unseen,Rannvijay Singh,131,Liquor/Beverages,Foods Beverages super food,https://sattuz.in/,2,1,1,,1,Middle,2018,Madhubani,Bihar,25,,,,25,5,500,0,,,,,,,,,,,,,,,,,,,,,,,,,,,,,,,,,,,,,,,,,,,,,,
1,Scintiglo,20-Dec-21,04-Feb-22,0,Unseen,Rannvijay Singh,132,Medical/Health,Diagnostic device for microalbuminuria estimation,https://cemd.in/,1,1,,,0,Middle,2021,Indore,Madhya Pradesh,0,,,,75,1,7500,1,0,,,,,,,,,,,,,,,,,,,,,,,,,,,,,,,,,,,,,,,,,,,,,
1,Glii,20-Dec-21,04-Feb-22,0,Unseen,Rannvijay Singh,133,Services,Dating app for LGBTQ,https://www.glii.in/,4,3,,1,0,Middle,2021,Noida,Uttar Pradesh,,,,,40,4,1000,0,,,,,,,,,,,,,,,,,,,,,,,,,,,,,,,,,,,,,,,,,,,,,,
1,StanleeIndia,20-Dec-21,04-Feb-22,0,Unseen,Rannvijay Singh,134,Electronics,Televisions,https://www.stanleeindia.com/,3,3,,,0,Middle,2019,Delhi,Delhi,,,,,60,3,2000,0,,,,,,,,,,,,,,,,,,,,,,,,,,,,,,,,,,,,,,,,,,,,,,
1,SpaceKidzIndia,20-Dec-21,04-Feb-22,0,Unseen,Rannvijay Singh,135,Manufacturing,Small Satellites by kids,https://www.spacekidzindia.in/,2,1,1,,0,Middle,,Chennai,Tamil Nadu,,,,,100,2,5000,0,,,,,,,,,,,,,,,,,,,,,,,,,,,,,,,,,,,,,,,,,,,,,,
1,UrbanNaps,20-Dec-21,04-Feb-22,0,Unseen,Rannvijay Singh,136,Services,Smart Napping Pod,https://urbannaps.com/,2,2,,,0,Young,2018,Ahmedabad,Gujarat,,,,,50,4,1250,1,0,,,,,,,,,,,,,,,,,,,,,,,,,,,,,,,,,,,,,,,,,,,,,
1,Gizmoswala,20-Dec-21,04-Feb-22,0,Unseen,Rannvijay Singh,137,Entertainment,Sex toys and games,https://www.gizmoswala.com/,3,2,1,,0,Middle,2020,Mumbai,Maharashtra,,7,40,,75,5,1500,0,,,,,,,,,,,,,,,,,,,,,,,,,,,,,,,,,,,,,,,,,,,,,,
1,ZyppElectric,20-Dec-21,04-Feb-22,0,Unseen,Rannvijay Singh,138,Vehicles/Electrical Vehicles,Electrical Vehicles,https://zypp.app/,2,1,1,,1,Young,,Gurgaon,Haryana,-1,,,,220,1,22000,0,,,,,,,,,,,,,,,,,,,,,,,,,,,,,,,,,,,,,,,,,,,,,,
1,Picsniff,20-Dec-21,04-Feb-22,0,Unseen,Rannvijay Singh,139,Technology/Software,Face recognition based image sharing,https://algomage.com/algoshare,1,1,,,0,Young,2021,Mumbai,Maharashtra,,,,,55,1,5500,1,0,,,,,,,,,,,,,,,,,,,,,,,,,,,,,,,,,,,,,,,,,,,,,
1,Deciwood,20-Dec-21,04-Feb-22,0,Unseen,Rannvijay Singh,140,Electronics,Portable wooden Bluetooth speakers,https://deciwood.com/,2,2,,,0,Young,2019,Delhi,Delhi,,,,,50,3.5,1429,0,,,,,,,,,,,,,,,,,,,,,,,,,,,,,,,,,,,,,,,,,,,,,,
1,HappyBar,20-Dec-21,04-Feb-22,0,Unseen,Rannvijay Singh,141,Food,FitSport delicious snacks,https://www.fitsport.me/,3,2,1,,0,Middle,2019,Hyderabad,Telangana,-1,29,,,60,2,3000,0,,,,,,,,,,,,,,,,,,,,,,,,,,,,,,,,,,,,,,,,,,,,,,
1,Tathastulive,20-Dec-21,04-Feb-22,0,Unseen,Rannvijay Singh,142,Services,"Offer Daan, Puja and Yajna",https://www.temple.biz/,3,2,1,,1,Middle,2020,Ahmedabad,Gujarat,,,,,50,10,500,0,,,,,,,,,,,,,,,,,,,,,,,,,,,,,,,,,,,,,,,,,,,,,,
1,BandsandCups,20-Dec-21,04-Feb-22,0,Unseen,Rannvijay Singh,143,Beauty/Fashion,Bra fitting service,https://www.bandsandcups.com/,1,,1,,0,Middle,2021,Chennai,Tamil Nadu,,1,60,,40,10,400,0,,,,,,,,,,,,,,,,,,,,,,,,,,,,,,,,,,,,,,,,,,,,,,
1,MyWealthProtector,20-Dec-21,04-Feb-22,0,Unseen,Rannvijay Singh,144,Services,Beyond Life Service,https://mywealthprotector.com/,2,2,,,0,Middle,,Mumbai,Maharashtra,,2,,,50,2.5,2000,0,,,,,,,,,,,,,,,,,,,,,,,,,,,,,,,,,,,,,,,,,,,,,,
1,TheIris,20-Dec-21,04-Feb-22,0,Unseen,Rannvijay Singh,145,Manufacturing,Pocket Microscopes,https://www.theiris.co.in/,2,1,1,,,Young,,Bangalore,Karnataka,,,,,10,15,67,0,,,,,,,,,,,,,,,,,,,,,,,,,,,,,,,,,,,,,,,,,,,,,,
1,Canebot,20-Dec-21,04-Feb-22,0,Unseen,Rannvijay Singh,146,Food,Juice making machine,,2,1,1,,1,Middle,,Pune,Maharashtra,200,,,,100,2.5,4000,0,,,,,,,,,,,,,,,,,,,,,,,,,,,,,,,,,,,,,,,,,,,,,,
1,OyeDelhiOye,20-Dec-21,04-Feb-22,0,Unseen,Rannvijay Singh,147,Food,Delhi Ke Chole Kulche,,2,2,,,0,Middle,2021,Delhi,Delhi,,,,,35,10,350,0,,,,,,,,,,,,,,,,,,,,,,,,,,,,,,,,,,,,,,,,,,,,,,
1,InaliAssistiveTech,20-Dec-21,04-Feb-22,0,Unseen,Rannvijay Singh,148,Medical/Health,Prosthetics,https://inalifoundation.com/,2,2,,,0,Young,,Pune,Maharashtra,,,,,50,5,1000,0,,,,,,,,,,,,,,,,,,,,,,,,,,,,,,,,,,,,,,,,,,,,,,
1,Meera'sCelebrations,20-Dec-21,04-Feb-22,0,Unseen,Rannvijay Singh,149,Services,Wedding ceremonial items,https://www.facebook.com/meeracelebrations/,2,1,1,,1,Middle,,Ludhiana,Punjab,,,,,50,25,200,0,,,,,,,,,,,,,,,,,,,,,,,,,,,,,,,,,,,,,,,,,,,,,,
1,Artment,20-Dec-21,04-Feb-22,0,Unseen,Rannvijay Singh,150,Beauty/Fashion,Exquisite pieces of home decor,https://theartment.com/,2,1,1,,0,Young,2019,Gurgaon,Haryana,,100,,,170,2.5,6800,1,0,,,,,,,,,,,,,,,,,,,,,,,,,,,,,,,,,,,,,,,,,,,,,
1,Powertree,20-Dec-21,04-Feb-22,0,Unseen,Rannvijay Singh,151,Manufacturing,Beautiful efficient solar panels,https://powertree.co.in/,2,2,,,0,Middle,,Gandhinagar,Gujarat,,,,,150,2.5,6000,0,,,,,,,,,,,,,,,,,,,,,,,,,,,,,,,,,,,,,,,,,,,,,,
1,Eume,20-Dec-21,04-Feb-22,0,Unseen,Rannvijay Singh,152,Beauty/Fashion,Massager Backpack,https://eumeworld.com/,3,2,1,,1,Middle,2018,Mumbai,Maharashtra,1200,,,,150,2,7500,1,0,,,,,,,,,,,,,,,,,,,,,,,,,,,,,,,,,,,,,,,,,,,,,
2,Hoovu,02-Jan-23,10-Mar-23,1,Entrepreneurship Ki Leher Ek Baar Firse,Rahul Dua,153,Services,Fresh Pooja flowers,https://hoovufresh.com/,2,,2,,0,Young,,Bengaluru,Karnataka,,65,,,80,1,8000,1,1,100,2,,,5000,2,,,,,,,,,,,,,,,50,1,,50,1,,,,,,,,,,,,,1,1,1,1,1,,,
2,Dorji,02-Jan-23,10-Mar-23,1,Entrepreneurship Ki Leher Ek Baar Firse,Rahul Dua,154,Food,Flavors of Tea,https://dorjeteas.com/,2,2,,,0,Young,,Darjeeling,West Bengal,,11,,,30,5,600,1,1,30,15,,,200,3,,,,,,,,,10,5,,10,5,,,,,10,5,,,,,,,,,,,,,1,1,1,1,1,,,
2,Recode,02-Jan-23,10-Mar-23,1,Entrepreneurship Ki Leher Ek Baar Firse,Rahul Dua,155,Beauty/Fashion,Beauty & cosmetics,https://shop.recodestudios.com/,2,2,,,0,Middle,,Ludhiana,Punjab,,,,,100,1,10000,0,,,,,,,,,,,,,,,,,,,,,,,,,,,,,,,,,,,,,,,1,1,1,1,1,,,
2,VeryMuchIndian,02-Jan-23,10-Mar-23,2,A Bigger Vision,Rahul Dua,156,Beauty/Fashion,Paithani Handloom Sarees,https://www.verymuchindian.com/,2,1,1,,1,Middle,2018,Pune,Maharashtra,150,,35,,50,3,1667,1,1,50,10,,,500,2,,,,,,25,5,,,,,,,,25,5,,,,,,,,,,,,,,,,1,1,1,1,1,,,
2,WatchoutWearables,02-Jan-23,10-Mar-23,2,A Bigger Vision,Rahul Dua,157,Electronics,Smart watches,https://www.watchoutwearables.com/,2,2,,,0,Young,2021,Thane,Maharashtra,,25,,,200,5,4000,1,1,100,10,100,,1000,2,,,,,,,,,50,5,50,50,5,50,,,,,,,,,,,,,,,,,,1,1,1,1,1,,,
2,SoupX,02-Jan-23,10-Mar-23,2,A Bigger Vision,Rahul Dua,158,Food,Soup based meals,https://www.soupx.in/,2,2,,,0,Young,,Delhi,Delhi,-1,,45,,75,6,1250,1,1,50,18,25,,277.7777778,1,,,,,,,,,,,,50,18,25,,,,,,,,,,,,,,,,,,1,1,1,1,1,,,
2,ATMOSPHERE,02-Jan-23,10-Mar-23,3,Thrilling and Thunderous Pitches,Rahul Dua,159,Food,Varieties of kombucha,https://atmospherestudio.in/,2,,2,,0,Young,,Delhi,Delhi,,,,,75,3,2500,1,0,,,,,,,,,,,,,,,,,,,,,,,,,,,,,,,,,,,,,,1,1,1,1,1,,,
2,Stage,02-Jan-23,10-Mar-23,3,Thrilling and Thunderous Pitches,Rahul Dua,160,Entertainment,Web series and movies in Indian languages,https://www.stage.in/,3,3,,,0,Young,,"Bhiwani,Barnagar","Haryana,Madhya Pradesh",,,,,300,1,30000,1,1,150,0.6,150,,25000,3,,,,,,50,0.2,50,,,,,,,50,0.2,50,50,0.2,50,,,,,,,,,,,,1,1,1,1,1,,,
2,Girgit,02-Jan-23,10-Mar-23,3,Thrilling and Thunderous Pitches,Rahul Dua,161,Beauty/Fashion,color-changing clothing products,https://www.girgitstore.com/,2,1,1,,1,Young,,Mumbai,Maharashtra,,,,,20,10,200,1,1,20,20,,,100,1,,,,,,20,20,,,,,,,,,,,,,,,,,,,,,,,,,1,1,1,1,1,,,
2,GearHeadMotors,02-Jan-23,10-Mar-23,4,Ideas Meets Opportunity,Rahul Dua,162,Vehicles/Electrical Vehicles,Electric vehicles bikes,https://www.ghmev.com/,2,2,,,0,Young,,Hyderabad,Telangana,,,,,75,2,3750,1,1,100,6.67,,,1499.250375,2,,,,,,,,,,,,,,,50,3.335,,50,3.335,,,,,,,,,,,,,1,1,1,1,1,,,
2,PatilKaki,02-Jan-23,10-Mar-23,4,Ideas Meets Opportunity,Rahul Dua,163,Food,Homemade snacks,https://patilkaki.com/,3,2,1,,0,Young,2020,Mumbai,Maharashtra,,,,,40,2.5,1600,1,1,40,4,,,1000,2,,,,,,,,,20,2,,,,,,,,20,2,,,,,,,,,,,,,1,1,1,1,1,,,
2,Brandsdaddy,02-Jan-23,10-Mar-23,4,Ideas Meets Opportunity,Rahul Dua,164,Manufacturing,Auto Fire Extinguisher,https://www.brandsdaddy.com/,2,1,1,,1,Middle,,Mumbai,Maharashtra,,12,60,,70,5,1400,1,1,35,5,35,,700,1,,,,,,35,5,35,,,,,,,,,,,,,,,,,,,,,,,,1,1,1,1,1,,,
2,Winston,02-Jan-23,10-Mar-23,5,Investing in the Future of India,Rahul Dua,165,Beauty/Fashion,Techno beauty products at home,https://winstonindia.com/,2,1,1,,1,Middle,,Faridabad,Haryana,,46,,,100,4,2500,1,1,100,10,,,1000,2,,,,,,,,,50,5,,50,5,,,,,,,,,,,,,,,,,,,1,1,1,1,1,,,
2,Flatheads,02-Jan-23,10-Mar-23,5,Investing in the Future of India,Rahul Dua,166,Beauty/Fashion,Shoes Sneakers Loafers,https://www.flatheads.in/,1,1,,,0,Middle,2019,Bangalore,Karnataka,-1,,,,75,3,2500,1,0,,,,,,,,,,,,,,,,,,,,,,,,,,,,,,,,,,,,,,1,1,1,1,1,,,
2,OrganicSmokes,02-Jan-23,10-Mar-23,5,Investing in the Future of India,Rahul Dua,167,Beauty/Fashion,Organic Cigarettes Cigarillos Smokes,https://www.meaame.com/,3,3,,,0,Middle,,Delhi,Delhi,,40,,,100,1,10000,0,,,,,,,,,,,,,,,,,,,,,,,,,,,,,,,,,,,,,,,1,1,1,1,1,,,
2,TeaFit,02-Jan-23,10-Mar-23,6,Determined Entrepreneurs,Rahul Dua,168,Liquor/Beverages,Refreshing beverages,http://tea.fit/,3,2,1,,0,Young,,Mumbai,Maharashtra,,,,,50,3,1666.666667,1,1,50,8,,,625,4,,,,,,,,,12.5,2,,12.5,2,,12.5,2,,12.5,2,,,,,,,,,,,,,1,1,1,1,1,,,
2,Haqdarshak,02-Jan-23,10-Mar-23,6,Determined Entrepreneurs,Rahul Dua,169,Services,Platform to know about welfare schemes for MSMEs,https://haqdarshak.com/,2,1,1,,0,Middle,,Shimla,Himachal Pradesh,,,,,100,0.5,20000,1,1,100,2,,,5000,3,,,,,,33.33,0.666,,,,,,,,33.33,0.666,,33.33,0.666,,,,,,,,,,,,,1,1,1,1,1,,,
2,Bhaskar'sPuranpoliGhar,02-Jan-23,10-Mar-23,6,Determined Entrepreneurs,Rahul Dua,170,Food,Varieties of Puranpoli snacks,http://bhaskarspuranpolighar.in/,3,3,,,0,Middle,,Thane,Maharashtra,,,,,75,1,7500,0,,,,,,,,,,,,,,,,,,,,,,,,,,,,,,,,,,,,,,,1,1,1,1,1,,,
2,GunjanAppsStudios,02-Jan-23,10-Mar-23,7,Shaandar Businesses,Rahul Dua,171,Technology/Software,CHILDREN'S PLAYFUL LEARNING PARTNER,https://gunjanappstudios.com/,2,1,1,,1,Middle,,Kolkata,West Bengal,2400,,,,250,1,25000,0,,,,,,,,,,,,,,,,,,,,,,,,,,,,,,,,,,,,,,,1,1,1,1,1,,,
2,TheSimplySalad,02-Jan-23,10-Mar-23,7,Shaandar Businesses,Rahul Dua,172,Food,Freshly chopped salads,https://simplysalad.com/,2,1,1,,0,Young,,Ahmedabad,Gujarat,,,,,30,10,300,1,1,30,10,,,300,2,,,,,,,,,,,,15,5,,15,5,,,,,,,,,,,,,,,,1,1,1,1,1,,,
2,AyuSynk,02-Jan-23,10-Mar-23,7,Shaandar Businesses,Rahul Dua,173,Medical/Health,Digital Stethoscopes,https://www.ayudevices.com/,3,3,,,0,Middle,,Mumbai,Maharashtra,,,,,100,1.5,6666.666667,1,1,50,3.5,50,10,1428.571429,1,,,,,,50,3.5,50,,,,,,,,,,,,,,,,,,,,,,,,1,1,1,1,1,,,
2,AtypicalAdvantage,02-Jan-23,10-Mar-23,8,Investment with Intent,Rahul Dua,174,Technology/Software,Platform for persons with disabilities,https://atypicaladvantage.in/,1,1,,,0,Middle,,Jamshedpur,Jharkhand,,,,,30,1,3000,1,1,30,3,,,1000,2,,,,,,15,1.5,,,,,,,,15,1.5,,,,,,,,,,,,,,,,1,1,1,1,1,,,
2,HouseOfChikankari,02-Jan-23,10-Mar-23,8,Investment with Intent,Rahul Dua,175,Beauty/Fashion,HANDMADE BY ARTISANS OF LUCKNOW,https://www.houseofchikankari.in/,2,,2,,0,Middle,2020,Delhi,Delhi,,,,,75,1,7500,1,1,75,3.75,,,2000,2,,,,,,,,,,,,,,,37.5,1.875,,37.5,1.875,,,,,,,,,,,,,1,1,1,1,1,,,
2,MagicOfMemories,02-Jan-23,10-Mar-23,8,Investment with Intent,Rahul Dua,176,Beauty/Fashion,DNA Jewllery,https://www.themagicofmemories.com/,1,,1,,0,Middle,,Delhi,Delhi,,,,,25,5,500,0,,,,,,,,,,,,,,,,,,,,,,,,,,,,,,,,,,,,,,,1,1,1,1,1,,,
2,Paradyes,02-Jan-23,10-Mar-23,9,Invest In Lifestyle,Rahul Dua,177,Beauty/Fashion,Semi Permanent Hair Color,https://www.birdsofparadyes.com/,2,1,1,,1,Young,2020,Ahmedabad,Gujarat,350,,,,65,1,6500,1,1,65,2,,,3250,2,,,,,,,,,,,,32.5,1,,32.5,1,,,,,,,,,,,,,,,,1,1,1,1,1,,,
2,Nestroots,02-Jan-23,10-Mar-23,9,Invest In Lifestyle,Rahul Dua,178,Furnishing/Household,"House of design, aesthetics and elegance",https://www.nestroots.com/,1,,1,,0,Middle,,Delhi,Delhi,,,,,50,1,5000,1,1,50,2,,,2500,1,,,,,,50,2,,,,,,,,,,,,,,,,,,,,,,,,,1,1,1,1,1,,,
2,Zillionaire,02-Jan-23,10-Mar-23,10,Zillionaire Banne Ki Chah,Rahul Dua,179,Beauty/Fashion,Unique styles of stones and jewels,https://zillionaireindia.com/,2,2,,,0,Young,,Jaipur,Rajasthan,100,,,,50,3.3,1515.151515,1,1,100,10,,,1000,1,,,,,,,,,100,10,,,,,,,,,,,,,,,,,,,,,,1,1,1,1,1,,,
2,Credmate,02-Jan-23,10-Mar-23,10,Zillionaire Banne Ki Chah,Rahul Dua,180,Technology/Software,Platform for credit score,https://credmate.in/,2,2,,,0,Middle,,Ludhiana,Punjab,,130,,,50,5,1000,0,,,,,,,,,,,,,,,,,,,,,,,,,,,,,,,,,,,,,,,1,1,1,1,1,,,
2,Freebowler,02-Jan-23,10-Mar-23,10,Zillionaire Banne Ki Chah,Rahul Dua,181,Sports,Non-Electric & Portable Bowling Machines,https://freebowler.com/,2,2,,,0,Middle,,Bangalore,Karnataka,,,,,75,7.5,1000,1,1,25,7.5,50,10,333.3333333,1,,,,,,25,7.5,50,,,,,,,,,,,,,,,,,,,,,,,,1,1,1,1,1,,,
2,ABCSports&Fitness,02-Jan-23,10-Mar-23,11,Investing The Right Way,Rahul Dua,182,Sports,Sports training institute,https://www.abcfitnessfirm.com/,2,2,,,0,Middle,,Pune,Maharashtra,,,,,40,2,2000,1,1,40,10,,,400,1,,,,,,,,,,,,,,,,,,40,10,,,,,,,,,,,,,1,1,1,1,1,,,
2,Primebook,02-Jan-23,10-Mar-23,11,Investing The Right Way,Rahul Dua,183,Technology/Software,Android Apps on Windows laptops,https://www.primebook.in/,4,4,,,0,Middle,,Delhi,Delhi,,,,,75,1.5,5000,1,1,75,3,,,2500,2,,,,,,,,,,,,,,,37.5,1.5,,37.5,1.5,,,,,,,,,,,,,1,1,1,1,1,,,
2,DailyDump,02-Jan-23,10-Mar-23,11,Investing The Right Way,Rahul Dua,184,Manufacturing,Compost Bins,https://www.dailydump.org/,2,1,1,,0,Middle,2006,Bangalore,Karnataka,,,,,80,4,2000,1,1,30,4,50,10,750,1,,,,,,30,4,50,,,,,,,,,,,,,,,,,,,,,,,,1,1,1,1,1,,,
2,GharSoaps,02-Jan-23,10-Mar-23,12,Pitchers Ki Undying Spirit,Rahul Dua,185,Beauty/Fashion,Pure Organic Soaps,https://www.gharsoaps.shop/,2,2,,,0,Middle,,Pune,Maharashtra,,,,,60,2,3000,1,1,60,4,,,1500,1,,,,,,,,,,,,,,,60,4,,,,,,,,,,,,,,,,1,1,,1,1,,1,
2,Janitri,02-Jan-23,10-Mar-23,12,Pitchers Ki Undying Spirit,Rahul Dua,186,Medical/Health,Pregnancy Monitoring systems,https://www.janitri.in/,1,1,,,0,Middle,2021,Alwar,Rajasthan,,,,,100,2.5,4000,1,1,100,2.5,,,4000,1,,,,,,100,2.5,,,,,,,,,,,,,,,,,,,,,,,,,1,1,,1,1,,1,
2,JaipurWatchCompany,02-Jan-23,10-Mar-23,12,Pitchers Ki Undying Spirit,Rahul Dua,187,Manufacturing,Made in India Imperial Automatic Watches,https://jaipur.watch/,1,1,,,0,Middle,,Jaipur,Rajasthan,,,75,,50,2,2500,0,,,,,,,,,,,,,,,,,,,,,,,,,,,,,,,,,,,,,,,1,1,,1,1,,1,
2,InsideFPV,02-Jan-23,10-Mar-23,13,Up And Coming Business Ideas,Rahul Dua,188,Manufacturing,Plug and Fly Drones,https://www.insidefpv.com/,3,2,1,,0,Young,,Surat,Gujarat,,,,,75,4,1875,1,1,75,15,,,500,4,,,,,,18.75,3.75,,,,,,,,18.75,3.75,,18.75,3.75,,,,,18.75,3.75,,,,,,,1,1,,1,1,,1,
2,Angrakhaa,02-Jan-23,10-Mar-23,13,Up And Coming Business Ideas,Rahul Dua,189,Beauty/Fashion,Contemporary Indian clothing,https://www.angrakhaa.com/,2,,2,,0,Young,,Delhi,Delhi,,,,,40,5,800,1,1,40,20,,,200,1,,,,,,,,,,,,,,,,,,,,,,,,40,20,,,,,,,1,1,,1,1,,1,
2,Diabexy,02-Jan-23,10-Mar-23,13,Up And Coming Business Ideas,Rahul Dua,190,Food,Diabetes Friendly Food Products,https://diabexy.com/,2,1,1,,1,Middle,2016,Gurgaon,Haryana,,100,,,150,1,15000,1,0,,,,,,,,,,,,,,,,,,,,,,,,,,,,,,,,,,,,,,1,1,,1,1,,1,
2,Kyari,02-Jan-23,10-Mar-23,14,Investment Worthy Ideas,Rahul Dua,191,Manufacturing,Smart stick Guardian,https://kyari.in/,2,1,1,,0,Young,2018,Ghaziabad,Uttar Pradesh,,10,,,51,1,5100,1,1,51,6,,,850,2,,,,,,,,,25.5,3,,,,,,,,25.5,3,,,,,,,,,,,,,1,1,,1,1,,1,
2,MoppFoods,02-Jan-23,10-Mar-23,14,Investment Worthy Ideas,Rahul Dua,192,Food,Mad over Parathas Pakodas,https://moppfoods.com/,2,1,1,,1,Middle,,Delhi,Delhi,,,,,75,2.25,3333.333333,1,1,75,5,,,1500,1,,,,,,,,,,,,,,,,,,,,,,,,75,5,,,,,,,1,1,,1,1,,1,
2,Econiture,02-Jan-23,10-Mar-23,14,Investment Worthy Ideas,Rahul Dua,193,Furnishing/Household,Furniture from plastic waste,https://www.econiture.com/,4,4,,,0,Middle,,Amaravati,Maharashtra,,,,,50,8,625,0,,,,,,,,,,,,,,,,,,,,,,,,,,,,,,,,,,,,,,,1,1,,1,1,,1,
2,Dobiee,02-Jan-23,10-Mar-23,15,Changing The Face Of Indian Entrepreneurship,Rahul Dua,194,Food,CANDIES MUSKIEE TOYS,https://www.dobiee.com/,2,2,,,0,Middle,2021,Shinde,Maharashtra,,32,23,,72,2,3600,1,1,72,6.5,,,1107.692308,1,,,,,,,,,,,,,,,,,,,,,,,,72,6.5,,,,,,,1,1,,1,1,,1,
2,FastBeetle,02-Jan-23,10-Mar-23,15,Changing The Face Of Indian Entrepreneurship,Rahul Dua,195,Services,Local courier and parcel service,https://www.fastbeetle.com/,2,2,,,0,Young,2019,Srinagar,Jammu & Kashmir,-1,25,54,,90,3,3000,1,1,90,7.5,,,1200,2,,,,,,,,,,,,,,,45,3.75,,45,3.75,,,,,,,,,,,,,1,1,,1,1,,1,
2,Pflow,02-Jan-23,10-Mar-23,15,Changing The Face Of Indian Entrepreneurship,Rahul Dua,196,Medical/Health,Disposable uroflowmetry system,https://tejnaksh.com/our-domains/healthcare-equipment/p-flow/,2,1,1,,1,Middle,2021,Dhule,Maharashtra,,,80,,60,1,6000,1,1,60,6,,,1000,2,,,,,,30,3,,,,,,,,,,,,,,,,,30,3,,,,,,,1,1,,1,1,,1,
2,VSMani,02-Jan-23,10-Mar-23,16,Pitchers Ki Taiyyari,Rahul Dua,197,Food,Coffee and snacks,https://vsmani.com/,3,3,,,0,Middle,2020,Bangalore,Karnataka,-1,63,,,60,1.5,4000,1,1,19,1,41,10,1900,1,,,,,,19,1,41,,,,,,,,,,,,,,,,,,,,,,,,1,1,,1,1,,1,
2,Sepal,02-Jan-23,10-Mar-23,16,Pitchers Ki Taiyyari,Rahul Dua,198,Manufacturing,Bike Accessories,https://sepal.in/,2,2,,,0,Middle,,Hyderabad,Telangana,,,37,,50,1,5000,1,1,50,2,,,2500,1,,,,,,,,,,,,,,,,,,50,2,,,,,,,,,,,,,1,1,,1,1,,1,
2,Solinas,02-Jan-23,10-Mar-23,16,Pitchers Ki Taiyyari,Rahul Dua,199,Services,"Products organise the management of pipelines,manholes and septic tanks",https://solinas.in/,4,3,1,,0,Middle,2020,Chennai,Tamil Nadu,120,,,,90,2,4500,1,1,90,3,,,3000,2,,,,,,,,,45,1.5,,,,,,,,45,1.5,,,,,,,,,,,,,1,1,,1,1,,1,
2,AvimeeHerbal,02-Jan-23,10-Mar-23,17,Innovation Hardwork And Diligence,Rahul Dua,200,Beauty/Fashion,Ayurveda hair skin products,https://avimeeherbal.com/,5,3,2,,1,Middle,2021,Surat,Gujarat,,165,69,,280,0.5,56000,1,0,,,,,,,,,,,,,,,,,,,,,,,,,,,,,,,,,,,,,,1,1,,1,1,,1,
2,eyenic,02-Jan-23,10-Mar-23,17,Innovation Hardwork And Diligence,Rahul Dua,201,Beauty/Fashion,Eyewear,https://eyenic.in/,2,2,,,0,Middle,2017,Delhi,Delhi,,15,45,21,75,6,1250,0,,,,,,,,,,,,,,,,,,,,,,,,,,,,,,,,,,,,,,,1,1,,1,1,,1,
2,ekatra,02-Jan-23,10-Mar-23,17,Innovation Hardwork And Diligence,Rahul Dua,202,Furnishing/Household,Handmade paper goods,https://ekatrahandmade.com/,2,,2,,0,Middle,2019,Kota,Rajasthan,,5,80,28,40,10,400,1,1,20,20,20,,100,2,,,,,,,,,,,,,,,,,,10,10,10,,,,10,10,10,,,,,,1,1,,1,1,,1,
2,Raasa,02-Jan-23,10-Mar-23,18,Business Ideas With Potential,Rahul Dua,203,Food,Food karts,,1,1,,,0,Middle,2022,Delhi,Delhi,,,,,50,5,1000,1,1,50,25,,,200,1,,,,,,,,,50,25,,,,,,,,,,,,,,,,,,,,,,1,1,,1,1,,1,
2,NeoMotion,02-Jan-23,10-Mar-23,18,Business Ideas With Potential,Rahul Dua,204,Manufacturing,Wheelchairs,https://www.neomotion.in/,3,3,,,0,Middle,2020,Chennai,Tamil Nadu,470,,,,100,1,10000,1,1,100,1,,,10000,1,,,,,,,,,,,,,,,,,,100,1,,,,,,,,,,,,,1,1,,1,1,,1,
2,licksters,02-Jan-23,10-Mar-23,18,Business Ideas With Potential,Rahul Dua,205,Food,Icecreams ice-pops,https://www.licksters.com/,2,1,1,,1,Middle,,Nagpur,Maharashtra,86,14,,,50,5,1000,1,1,25,5,25,,500,1,,,,,,,,,,,,,,,,,,,,,,,,25,5,25,,,,,,1,1,,1,1,,1,
2,Sayonara,02-Jan-23,10-Mar-23,18,Business Ideas With Potential,Rahul Dua,206,Beauty/Fashion,Petticoat,,1,1,,,0,Middle,,Kolkata,West Bengal,0,,,,100,1,10000,0,,,,,,,,,1,,,,,,,,,,,,,,,,,,,,,,,,,,,,,,1,1,,1,1,,1,
2,PMV,02-Jan-23,10-Mar-23,19,Building Brands For India,Rahul Dua,207,Vehicles/Electrical Vehicles,Personal Mobility Vehicle,https://pmvelectric.com/,1,1,,,0,Middle,2018,Mumbai,Maharashtra,0,,,,100,1,10000,1,0,,,,,,,,,,,,,,,,,,,,,,,,,,,,,,,,,,,,,,1,1,1,1,1,,,
2,SpiceStory,02-Jan-23,10-Mar-23,19,Building Brands For India,Rahul Dua,208,Food,Indian Sauces Chutneys,https://spice-story.in/,3,2,1,,0,Middle,2019,Mumbai,Maharashtra,410,57,,,70,2,3500,1,1,70,5,,,1400,1,,,,,,70,5,,,,,,,,,,,,,,,,,,,,,,,,,1,1,1,1,1,,,
2,Bullspree,02-Jan-23,10-Mar-23,19,Building Brands For India,Rahul Dua,209,Technology/Software,App to learn stock market basics,https://bullspree.com/,3,3,,,0,Middle,,Ahmedabad,Gujarat,-1,,,,75,1.5,5000,1,1,75,2.86,,,2622.377622,2,,,,,,,,,,,,,,,37.5,1.43,,37.5,1.43,,,,,,,,,,,,,1,1,1,1,1,,,
2,Snitch,02-Jan-23,10-Mar-23,20,Nurturing Indian Entrepreneurs,Rahul Dua,210,Beauty/Fashion,Menswear,https://www.snitch.co.in/,1,1,,,0,Middle,2020,Bangalore,Karnataka,,,,,150,0.5,30000,1,1,150,1.5,,,10000,5,,,,,,30,0.3,,30,0.3,,30,0.3,,30,0.3,,30,0.3,,,,,,,,,,,,,1,1,1,1,1,,,
2,Portl,02-Jan-23,10-Mar-23,20,Nurturing Indian Entrepreneurs,Rahul Dua,211,Services,Portl studio gym,https://portl.co/,3,3,,,0,Middle,,Hyderabad,Telangana,,,45,,150,1,15000,1,1,150,2.5,,,6000,3,,,,,,50,0.833,,,,,,,,50,0.833,,50,0.833,,,,,,,,,,,,,1,1,1,1,1,,,
2,FatToSlim,02-Jan-23,10-Mar-23,20,Nurturing Indian Entrepreneurs,Rahul Dua,212,Beauty/Fashion,Diet Plan Weight Loss,http://fattoslimbangalore.com/,1,,1,,0,Middle,,Bangalore,Karnataka,,14,,,20,1,2000,0,,,,,,,,,,,,,,,,,,,,,,,,,,,,,,,,,,,,,,,1,1,1,1,1,,,
2,CheeseCake&Co.,02-Jan-23,10-Mar-23,21,Adhbhut Aur Anokhe Entrepreneurs,Rahul Dua,213,Food,Cakes Slices,https://cheesecakeco.in/,2,1,1,,1,Middle,2018,Delhi,Delhi,,194,,,100,2,5000,1,0,,,,,,,,,,,,,,,,,,,,,,,,,,,,,,,,,,,,,,1,1,1,1,1,,,
2,Dabble,02-Jan-23,10-Mar-23,21,Adhbhut Aur Anokhe Entrepreneurs,Rahul Dua,214,Manufacturing,Paints Crayons Brushes,https://dabbleplayart.com/,2,,2,,0,Middle,,Bangalore,Karnataka,33,8.7,75,,50,10,500,1,1,15,10,35,0,150,1,,,,,,,,,,,,,,,15,10,35,,,,,,,,,,,,,,,1,1,1,1,1,,,
2,CloudTailor,02-Jan-23,10-Mar-23,21,Adhbhut Aur Anokhe Entrepreneurs,Rahul Dua,215,Services,Custom tailor online,https://www.cloudtailor.com/,3,2,1,,1,Middle,,"Bangalore,Hyderabad","Karnataka,Telangana",-1,34,,,100,1.4,7142.857143,0,,,,,,,,,,,,,,,,,,,,,,,,,,,,,,,,,,,,,,,1,1,1,1,1,,,
2,BeUnic,02-Jan-23,10-Mar-23,21,Adhbhut Aur Anokhe Entrepreneurs,Rahul Dua,216,Services,Platform for LGBTQ+ creators and entrepreneurs,https://beunic.in/,3,1,1,1,0,Middle,,Noida,Uttar Pradesh,50,6,,,100,10,1000,1,0,,,,,,,,,,,,,,,,,,,,,,,,,,,,,,,,,,,,,,1,1,1,1,1,,,
2,Broomees,02-Jan-23,10-Mar-23,22,Making Big Businesses,Rahul Dua,217,Services,Helpers homemakers for your home,https://broomees.com/,3,2,1,,0,Middle,,Delhi,Delhi,,,,,80,2,4000,1,1,100,3,,,3333.333333,3,,,,,,33.33,1,,,,,,,,33.33,1,,33.33,1,,,,,,,,,,,,,1,1,1,1,1,,,
2,Ravel,02-Jan-23,10-Mar-23,22,Making Big Businesses,Rahul Dua,218,Beauty/Fashion,Custom Hair Products,https://www.ravelcare.com/,1,1,,,0,Middle,2021,Amaravati,Maharashtra,,40,,,75,2.5,3000,1,1,75,10,,,750,1,,,,,,,,,75,10,,,,,,,,,,,,,,,,,,,,,,1,1,1,1,1,,,
2,HoneyVeda,02-Jan-23,10-Mar-23,22,Making Big Businesses,Rahul Dua,219,Food,Honey in natural nutritious form,https://www.honeyveda.in/,2,2,,,0,Middle,,Ahmedabad,Gujarat,53,,20,,75,7.5,1000,1,1,50,20,25,12,250,2,,,,,,,,,25,10,12.5,25,10,12.5,,,,,,,,,,,,,,,,,,1,1,1,1,1,,,
2,PadCare,02-Jan-23,10-Mar-23,23,Changing The World,Rahul Dua,220,Manufacturing,Menstrual hygiene disposal solution,https://www.padcarelabs.com/,1,1,,,0,Young,,Pune,Maharashtra,-1,14,,,50,2,2500,1,1,100,4,,,2500,4,,,,,,25,1,,25,1,,25,1,,,,,25,1,,,,,,,,,,,,,1,1,1,1,1,,,
2,SwadeshiBlessings,02-Jan-23,10-Mar-23,23,Changing The World,Rahul Dua,221,Furnishing/Household,Clay utensils and cookwares,https://www.swadeshiblessings.in/,3,1,2,,0,Middle,2020,Udaipur,Rajasthan,120,28,60,,50,5,1000,1,1,25,5,25,12,500,2,,,,,,12.5,2.5,12.5,,,,12.5,2.5,12.5,,,,,,,,,,,,,,,,,,1,1,1,1,1,,,
2,OLL,02-Jan-23,10-Mar-23,23,Changing The World,Rahul Dua,222,Technology/Software,Online Live Learning Skill development classes,https://www.oll.co/,1,1,,,0,Young,,Mumbai,Maharashtra,,,,,30,2,1500,1,1,30,5,,,600,2,,,,,,,,,,,,15,2.5,,,,,15,2.5,,,,,,,,,,,,,1,1,1,1,1,,,
2,Febris,02-Jan-23,10-Mar-23,23,Changing The World,Rahul Dua,223,Medical/Health,"Scrubs, Lab Coats & Medical Apparel",https://www.febris.in/,2,2,,,0,Middle,,Ferozepur,Punjab,110,12,,20,100,2.5,4000,0,,,,,,,,,,,,,,,,,,,,,,,,,,,,,,,,,,,,,,,1,1,1,1,1,,,
2,Geeani,02-Jan-23,10-Mar-23,24,India Ke Incredible Entrepreneurs,Rahul Dua,224,Vehicles/Electrical Vehicles,Smallest EV tractor,,3,2,1,,0,Middle,,Ahmedabad,Gujarat,,,,,75,7.5,1000,1,1,100,10,,,1000,3,,,,,,,,,33.33,3.33,,33.33,3.33,,33.33,3.33,,,,,,,,,,,,,,,,1,1,1,1,,,1,
2,Amore,02-Jan-23,10-Mar-23,24,India Ke Incredible Entrepreneurs,Rahul Dua,225,Food,Gelato Ice Cream Online,https://www.amoregelato.com/,2,2,,,0,Middle,,"Hyderabad,Mumbai","Telangana,Maharashtra",,,,,75,4,1875,1,1,75,7.5,,,1000,1,yes,,,,,,,,75,7.5,,,,,,,,,,,,,,,,,,,,,,1,1,1,1,,,1,
2,LeafyAffair,02-Jan-23,10-Mar-23,24,India Ke Incredible Entrepreneurs,Rahul Dua,226,Beauty/Fashion,Botanical Jewellery,https://leafyaffair.com/,1,1,,,0,Middle,,Bangalore,Karnataka,110,21,80,,50,2.5,2000,0,,,,,,,,,,,,,,,,,,,,,,,,,,,,,,,,,,,,,,,1,1,1,1,,,1,
2,ScrapUncle,02-Jan-23,10-Mar-23,25,Badhta India,Rahul Dua,227,Services,Sell scrap recyclables online,https://scrapuncle.com/,1,1,,,0,Young,2020,Delhi,Delhi,600,,25,,60,3,2000,1,1,60,5,,,1200,1,,,,,,,,,,,,,,,,,,,,,,,,60,5,,,,,,,1,1,1,1,,,1,
2,SharmaJiKiAata,02-Jan-23,10-Mar-23,25,Badhta India,Rahul Dua,228,Food,Freshly milled atta,https://sharmajikaaata.com/,2,1,1,,0,Middle,2019,Pune,Maharashtra,,,63,38,40,10,400,1,1,40,20,,,200,1,,,,,,,,,40,20,,,,,,,,,,,,,,,,,,,,,,1,1,1,1,,,1,
2,Manetain,02-Jan-23,10-Mar-23,25,Badhta India,Rahul Dua,229,Beauty/Fashion,Curly Hair Care Products,https://manetain.in/,2,,2,,0,Young,,"Cochin,Mumbai","Kerala,Maharashtra",100,12,60,,75,2.5,3000,1,1,75,10,,,750,1,,,,,,,,,,,,,,,75,10,,,,,,,,,,,,,,,,1,1,1,1,,,1,
2,GavinParis,02-Jan-23,10-Mar-23,26,Bharat Badal Raha Hai,Rahul Dua,230,Beauty/Fashion,Gender-Neutral Fashion,https://www.gavinparis.com/,2,2,,,0,Young,2022,Kolkata,West Bengal,114,,60,,50,5,1000,1,0,,,,,,,,,,,,,,,,,,,,,,,,,,,,,,,,,,,,,,1,1,1,1,,,1,
2,UnStop,02-Jan-23,10-Mar-23,26,Bharat Badal Raha Hai,Rahul Dua,231,Technology/Software,Connecting talent colleges recruiters,https://unstop.com/,1,1,,,0,Middle,2022,Delhi,Delhi,1600,,90,,100,1,10000,1,1,200,4,,,5000,4,,,,,,50,1,,50,1,,,,,50,1,,,,,,,,50,1,,,,,,,1,1,1,1,,,1,
2,BlueTea,02-Jan-23,10-Mar-23,26,Bharat Badal Raha Hai,Rahul Dua,232,Food,Ayurvedic Herbal Tea,https://bluetea.co.in/,2,2,,,0,Middle,2018,"Faridabad,Kolkata","Haryana,West Bengal",1000,,,19,75,1,7500,1,1,50,3,25,12,1666.666667,1,,,,,,,,,,,,,,,50,3,25,,,,,,,,,,,,,,,1,1,1,1,,,1,
2,TheGreenSnack,02-Jan-23,10-Mar-23,27,Nayi Soch Naye Vichaar,Rahul Dua,233,Food,Healthy Snacks Online,https://thegreensnackco.com/,2,1,1,,1,Middle,2017,Mumbai,Maharashtra,-1,25,,,100,2,5000,1,1,100,8,,,1250,1,,,,,,,,,,,,100,8,,,,,,,,,,,,,,,,,,,1,1,1,1,,,1,
2,HobbyIndia,02-Jan-23,10-Mar-23,27,Nayi Soch Naye Vichaar,Rahul Dua,234,Furnishing/Household,Online Art & Craft Store,https://hobbyindia.store/,3,1,2,,1,Young,,Surat,Gujarat,117,,,,50,3,1666.666667,1,0,,,,,,,,,,,,,,,,,,,,,,,,,,,,,,,,,,,,,,1,1,1,1,,,1,
2,Flhexible,02-Jan-23,10-Mar-23,27,Nayi Soch Naye Vichaar,Rahul Dua,235,Furnishing/Household,Composite paper honeycomb panels,https://www.flhexible.com/,2,1,1,,1,Middle,2019,Jaipur,Rajasthan,16,3.5,40,25,50,7.5,666.6666667,0,,,,,,,,,,,,,,,,,,,,,,,,,,,,,,,,,,,,,,,1,1,1,1,,,1,
2,UpThrust,02-Jan-23,10-Mar-23,27,Nayi Soch Naye Vichaar,Rahul Dua,236,Sports,ESPORTS AND GAMING ORGANISATION,https://www.upthrustesports.com/,2,2,,,0,Young,,Mumbai,Maharashtra,300,33,,30,75,3,2500,0,,,,,,,,,,,,,,,,,,,,,,,,,,,,,,,,,,,,,,,1,1,1,1,,,1,
2,Zoff,02-Jan-23,10-Mar-23,28,Game Changers,Rahul Dua,237,Food,Cool Grind Technology Indian Spices,https://zofffoods.com/,2,2,,,0,Middle,2018,Raipur,Chhattisgarh,,700,,,100,0.5,20000,1,1,100,1.25,,,8000,1,,,,,,,,,,,,,,,100,1.25,,,,,,,,,,,,,,,,1,1,1,1,,,1,
2,DesiToys,02-Jan-23,10-Mar-23,28,Game Changers,Rahul Dua,238,Manufacturing,Indian Traditional Toys and Indoor Games,https://www.desitoys.in/,1,,1,,0,Middle,2017,Mumbai,Maharashtra,115,20,50,18,50,3,1666.666667,1,0,,,,,,,,,,,,,,,,,,,,,,,,,,,,,,,,,,,,,,1,1,1,1,,,1,
2,CloudWorx,02-Jan-23,10-Mar-23,28,Game Changers,Rahul Dua,239,Technology/Software,NoCode Enterprise Metaverse App Builder,http://www.cloudworx.ai/,1,1,,,0,Middle,,Bangalore,Karnataka,,14,,,40,2,2000,1,1,40,3.2,,,1250,2,yes,,,,,20,1.6,,20,1.6,,,,,,,,,,,,,,,,,,,,,,1,1,1,1,,,1,
2,Mahantam,02-Jan-23,10-Mar-23,29,Pulse Of The Country,Rahul Dua,240,Manufacturing,Tea Glass Washing Machine,https://mahantam.co.in/,2,2,,,0,Young,,Banaskantha,Gujarat,,,,,30,10,300,1,1,30,20,,,150,5,,,,,,6,4,,6,4,,6,4,,6,4,,6,4,,,,,,,,,,,,,1,1,1,1,1,,,
2,MindPeers,02-Jan-23,10-Mar-23,29,Pulse Of The Country,Rahul Dua,241,Medical/Health,For Mental Strength,https://www.mindpeers.co/,2,1,1,,0,Middle,,Delhi,Delhi,,,,,53,1,5300,1,1,106,2,,,5300,4,,,,,,17.66,0.33,,,,,17.66,0.33,,17.66,0.33,,53,1,,,,,,,,,,,,,1,1,1,1,1,,,
2,Barosi,02-Jan-23,10-Mar-23,29,Pulse Of The Country,Rahul Dua,242,Food,Fresh & pure milk products,https://www.barosi.in/,1,1,,,0,Middle,2016,Pataudi,Haryana,-1,42,40,,50,2,2500,0,,,,,,,,,,,,,,,,,,,,,,,,,,,,,,,,,,,,,,,1,1,1,1,1,,,
2,Daryaganj,02-Jan-23,10-Mar-23,30,Changing India,Rahul Dua,243,Food,North Indian Cuisine restaurant,https://daryaganj.com/,3,3,,,0,Middle,,Delhi,Delhi,,300,,,90,0.5,18000,1,1,90,1,,,9000,1,yes,,,,,,,,,,,,,,90,1,,,,,,,,,,,,,,,,1,1,1,1,1,,,
2,DhruvVidyut,02-Jan-23,10-Mar-23,30,Changing India,Rahul Dua,244,Vehicles/Electrical Vehicles,Invention converts cycle into an electric cycle,https://www.instagram.com/dhruvvidyutdv/?hl=en,1,1,,,0,Middle,,Delhi,Delhi,,,,,0,0.5,0,1,1,0,0.5,,,0,3,yes,,,,,,,,0,0.166,,,,,0,0.166,,0,0.166,,,,,,,,,,,,,1,1,1,1,1,,,
2,CELLBELL,02-Jan-23,10-Mar-23,30,Changing India,Rahul Dua,245,Furnishing/Household,Gaming Office Chairs,https://cellbell.in/,3,3,,,0,Middle,2019,Ulhasnagar,Maharashtra,,400,52,,90,1.5,6000,0,,,,,,,,,,,,,,,,,,,,,,,,,,,,,,,,,,,,,,,1,1,1,1,1,,,
2,Tipayi,02-Jan-23,10-Mar-23,31,Innovations And Investments,Rahul Dua,246,Manufacturing,Balance Bike for Kids,https://www.vamshycle.com/,1,1,,,0,Young,2019,Pune,Maharashtra,21,0.5,35,26,50,10,500,1,0,,,,,,,,1,,,,,,,,,,,,,,,,,,,,,,,,,,,,,,1,1,1,1,1,,,
2,DigiQure,02-Jan-23,10-Mar-23,31,Innovations And Investments,Rahul Dua,247,Medical/Health,Book Doctors Appointments Video Consultation,https://digiqure.com/,2,2,,,0,Middle,,Bhopal,Madhya Pradesh,,,,,40,4,1000,1,1,40,10,,,400,1,,,,,,40,10,,,,,,,,,,,,,,,,,,,,,,,,,1,1,1,1,1,,,
2,Nirmalaya,02-Jan-23,10-Mar-23,31,Innovations And Investments,Rahul Dua,248,Manufacturing,Incense products made from temple flowers,https://nirmalaya.com/,3,2,1,,1,Middle,,Delhi,Delhi,-1,80,,,60,1.5,4000,0,,,,,,,,,,,,,,,,,,,,,,,,,,,,,,,,,,,,,,,1,1,1,1,1,,,
2,Pabiben,02-Jan-23,10-Mar-23,32,Pitch Perfect,Rahul Dua,249,Beauty/Fashion,Handcrafted products sold directly by artisans,https://www.pabiben.com/,2,1,1,,0,Middle,,Ahmedabad,Gujarat,,,50,35,50,5,1000,1,1,10,5,40,0,200,1,,,,,,10,5,40,,,,,,,,,,,,,,,,,,,,,,,,1,1,1,1,1,,,
2,Homestrap,02-Jan-23,10-Mar-23,32,Pitch Perfect,Rahul Dua,250,Furnishing/Household,Collection of organizer for home and travelling,https://www.homestrap.com/,2,1,1,,1,Middle,,Indore,Madhya Pradesh,,,55,,70,1,7000,1,1,50,7,20,10,714.2857143,1,,,,,,,,,50,7,20,,,,,,,,,,,,,,,,,,,,,1,1,1,1,1,,,
2,uBreathe,02-Jan-23,10-Mar-23,32,Pitch Perfect,Rahul Dua,251,Manufacturing,Smart Natural Air Purifier,https://www.ubreathe.in/,2,2,,,0,Middle,,Gurgaon,Haryana,,,,,150,7.5,2000,1,1,50,5,100,10,1000,1,,,,,,50,5,100,,,,,,,,,,,,,,,,,,,,,,,,1,1,1,1,1,,,
2,Deyor,02-Jan-23,10-Mar-23,32,Pitch Perfect,Rahul Dua,252,Technology/Software,Chatbot integrated experiential travel website,https://www.deyorcamps.com/,2,2,,,0,Middle,,Gurgaon,Haryana,,,25,5,100,1,10000,0,,,,,,,,,,,,,,,,,,,,,,,,,,,,,,,,,,,,,,,1,1,1,1,1,,,
2,iMumz,02-Jan-23,10-Mar-23,33,Growing With India,Rahul Dua,253,Medical/Health,Transforming pregnancy and parenting with app,https://www.imumz.com/,3,2,1,,0,Middle,2020,Bangalore,Karnataka,,,,,70,1,7000,1,1,10,1,60,10,1000,1,,,,,,,,,,,,,,,,,,10,1,60,,,,,,,,,,,,1,1,1,1,1,,,
2,TheHealthyBinge,02-Jan-23,10-Mar-23,33,Growing With India,Rahul Dua,254,Food,Assorted Pack Baked Chips,https://www.healthybinge.co.in/,2,2,,,0,Middle,,Pune,Maharashtra,-1,11,,,50,5,1000,1,1,50,5,,,1000,2,,,,,,,,,,,,,,,25,2.5,,25,2.5,,,,,,,,,,,,,1,1,1,1,1,,,
2,Freakins,02-Jan-23,10-Mar-23,33,Growing With India,Rahul Dua,255,Beauty/Fashion,Fashionable Denim Apparel,https://freakins.com/,2,2,,,0,Middle,,Mumbai,Maharashtra,-1,,63,,70,1,7000,1,1,50,2.5,20,12,2000,1,yes,,,,,,,,,,,50,2.5,20,,,,,,,,,,,,,,,,,,1,1,1,1,1,,,
2,Perfora,02-Jan-23,10-Mar-23,34,Growing Ideas Into Successful Businesses,Rahul Dua,256,Furnishing/Household,Toothpaste Electric Toothbrush,https://perforacare.com/,2,2,,,0,Young,,"Ballarpur,Karnal","Haryana,Maharashtra",-1,,57,,80,1,8000,1,1,80,2.5,,,3200,3,,,,,,26.66,0.833,,,,,26.66,0.833,,,,,26.66,0.833,,,,,,,,,,,,,1,1,1,1,1,,,
2,MidNightAngelsByPC,02-Jan-23,10-Mar-23,34,Growing Ideas Into Successful Businesses,Rahul Dua,257,Beauty/Fashion,Lounge & Travel wear,https://midnightangelsbypc.com/,2,,2,,0,Middle,2017,Gurgaon,Haryana,180,,83,20,75,6,1250,1,0,,,,,,,,,,,,,,,,,,,,,,,,,,,,,,,,,,,,,,1,1,1,1,1,,,
2,CureSee,02-Jan-23,10-Mar-23,34,Growing Ideas Into Successful Businesses,Rahul Dua,258,Medical/Health,Artificial Intelligence (AI) based vision therapy,https://curesee.com/,3,3,,,0,Middle,2019,Gurgaon,Haryana,0,264,,,40,5,800,1,1,50,10,,,500,1,,,,,,,,,,,,,,,,,,50,10,,,,,,,,,,,,,1,1,1,1,1,,,
2,MeduLance,02-Jan-23,10-Mar-23,35,Business Ideas Ka Pitara,Rahul Dua,259,Medical/Health,One-stop solution for all healthcare needs,https://medulance.com/,2,2,,,0,Middle,,Delhi,Delhi,240,,,24,200,1,20000,1,1,200,2,,,10000,3,,,,,,66.66,0.666,,,,,,,,66.66,0.666,,66.66,0.666,,,,,,,,,,,,,1,1,,1,1,,1,
2,Cakelicious,02-Jan-23,10-Mar-23,35,Business Ideas Ka Pitara,Rahul Dua,260,Food,Cakes Online,,2,,2,,0,Middle,,Kolkata,West Bengal,,3,60,40,25,5,500,1,1,25,20,,,125,1,,,,,,,,,,,,,,,,,,,,,,,,25,20,,,,,,,1,1,,1,1,,1,
2,Bowled.io,02-Jan-23,10-Mar-23,35,Business Ideas Ka Pitara,Rahul Dua,261,Sports,Play-to-Earn Social Gaming Platform,https://www.bowled.io/,2,2,,,0,Middle,,Mumbai,Maharashtra,,,,,80,1,8000,0,,,,,,,,,,,,,,,,,,,,,,,,,,,,,,,,,,,,,,,1,1,,1,1,,1,
2,Toyshine,02-Jan-23,10-Mar-23,35,Business Ideas Ka Pitara,Rahul Dua,262,Manufacturing,Collection of Toys,https://toyshine.in/,1,1,,,0,Middle,,Jalandhar,Punjab,4500,450,,15,125,0.5,25000,0,,,,,,,,,,,,,,,,,,,,,,,,,,,,,,,,,,,,,,,1,1,,1,1,,1,
2,neuphony,02-Jan-23,10-Mar-23,36,Anokhe Pitchers Ke Anokhe Ideas,Rahul Dua,263,Medical/Health,Wearable EEG Headband,https://neuphony.com/,2,1,1,,1,Young,2022,Noida,Uttar Pradesh,-1,,,,100,2,5000,1,1,100,5.4,,,1851.851852,2,,,,,,,,,,,,,,,50,2.7,,50,2.7,,,,,,,,,,,,,1,1,1,1,1,,,
2,Amrutam,02-Jan-23,10-Mar-23,36,Anokhe Pitchers Ke Anokhe Ideas,Rahul Dua,264,Food,Ayurvedic Lifestyle products,https://amrutam.co.in/,3,2,1,,0,Middle,2017,Gwalior,Madhya Pradesh,110,,,,50,2,2500,0,,,,,,,,,,,,,,,,,,,,,,,,,,,,,,,,,,,,,,,1,1,1,1,1,,,
2,HoloKitab,02-Jan-23,10-Mar-23,36,Anokhe Pitchers Ke Anokhe Ideas,Rahul Dua,265,Technology/Software,Augmented Reality content for books,https://www.holokitab.in/,2,2,,,0,Middle,,Jalandhar,Punjab,0,,,,45,10,450,1,1,45,25,,,180,1,yes,,,,,45,25,,,,,,,,,,,,,,,,,,,,,,,,,1,1,1,1,1,,,
2,Zoe,02-Jan-23,10-Mar-23,37,Bharat Ka Kal,Rahul Dua,266,Food,Nutrition For Life. Shop health & wellness products,https://www.zoe.menu/,2,1,1,,1,Middle,,Gurgaon,Haryana,120,,,,75,5,1500,0,,,,,,,,,,,,,,,,,,,,,,,,,,,,,,,,,,,,,,,1,1,,1,1,,1,
2,Hornback,02-Jan-23,10-Mar-23,37,Bharat Ka Kal,Rahul Dua,267,Vehicles/Electrical Vehicles,Diamond frame folding bicycles,https://hornback.bike/,2,2,,,0,Middle,,Hyderabad,Telangana,,,,,50,1,5000,1,1,50,2.5,,,2000,1,yes,1,,,,,,,,,,,,,,,,,,,,,,50,2.5,,,,,,,1,1,,1,1,,1,
2,Malaki,02-Jan-23,10-Mar-23,37,Bharat Ka Kal,Rahul Dua,268,Liquor/Beverages,Non-Alcoholic Beverages,https://malaki.in/,2,2,,,0,Middle,,Mumbai,Maharashtra,270,42,56,13,50,1,5000,1,1,50,3,,,1666.666667,2,,,,,,,,,,,,,,,25,1.5,,25,1.5,,,,,,,,,,,,,1,1,,1,1,,1,
2,nanoclean,02-Jan-23,10-Mar-23,37,Bharat Ka Kal,Rahul Dua,269,Manufacturing,Contamination Control Solutions,https://nanoclean.store/,1,1,,,0,Middle,2017,Bikaner,Rajasthan,110,5,,,80,2,4000,0,,,,,,,,,1,,,,,,,,,,,,,,,,,,,,,,,,,,,,,,1,1,,1,1,,1,
2,DesmondJi,02-Jan-23,10-Mar-23,38,Innovation And Imagination,Rahul Dua,270,Liquor/Beverages,"Spirits, Liqueurs & Cocktail Blends",,2,2,,,0,Middle,,Goa,Goa,1200,125,,,100,1,10000,0,,,,,,,,,,,,,,,,,,,,,,,,,,,,,,,,,,,,,,,1,1,,1,1,,1,
2,Cremeitalia,02-Jan-23,10-Mar-23,38,Innovation And Imagination,Rahul Dua,271,Food,Fresh Italian Cheese Products,https://cremeitalia.com/,1,1,,,0,Middle,,Mumbai,Maharashtra,,62,,,90,1.5,6000,0,,,,,,,,,,,,,,,,,,,,,,,,,,,,,,,,,,,,,,,1,1,,1,1,,1,
2,nawgati,02-Jan-23,10-Mar-23,38,Innovation And Imagination,Rahul Dua,272,Services,Congestion Management for Fuel Stations,https://www.nawgati.com/,3,3,,,0,Young,,Noida,Uttar Pradesh,,,,,67,2,3350,1,1,67,3,,,2233.333333,2,,,,,,,,,,,,,,,33.5,1.5,,,,,,,,33.5,1.5,,,,,,,1,1,,1,1,,1,
2,Swytchd,02-Jan-23,10-Mar-23,38,Innovation And Imagination,Rahul Dua,273,Vehicles/Electrical Vehicles,All-inclusive Electric Vehicle Subscription,https://swytchd.com/,1,1,,,0,Middle,,Bangalore,Karnataka,,,,,50,3,1666.666667,0,,,,,,,,,,,,,,,,,,,,,,,,,,,,,,,,,,,,,,,1,1,,1,1,,1,
2,GladFul,02-Jan-23,10-Mar-23,39,Revolutionary Ideas And Successful Businesses,Rahul Dua,274,Food,Natural High Protein Rich & Healthy Foods,https://gladful.in/,2,1,1,,0,Middle,2022,Jaipur,Rajasthan,-1,24,,,50,2,2500,1,1,50,3.5,,,1428.571429,3,,,,,,16.66,1.1666,,,,,,,,16.66,1.1666,,,,,,,,16.66,1.1666,,,,,,,1,1,,1,1,,1,
2,Pharmallama,02-Jan-23,10-Mar-23,39,Revolutionary Ideas And Successful Businesses,Rahul Dua,275,Medical/Health,Simplified pharmacy,https://pharmallama.com/,3,3,,,0,Middle,2022,Bangalore,Karnataka,,24,,,100,1.5,6666.666667,1,1,200,5,,,4000,5,,,,,,40,1,,40,1,,,,,40,1,,40,1,,,,,40,1,,,,,,,1,1,,1,1,,1,
2,CraveRajaFoods,02-Jan-23,10-Mar-23,39,Revolutionary Ideas And Successful Businesses,Rahul Dua,276,Food,Cloud-kitchen service,https://craverajafoods.com/,2,2,,,0,Middle,2020,Kolkata,West Bengal,256,20,70,3,65,3,2166.666667,0,,,,,,,,,,,,,,,,,,,,,,,,,,,,,,,,,,,,,,,1,1,,1,1,,1,
2,VAPerfume,02-Jan-23,10-Mar-23,39,Revolutionary Ideas And Successful Businesses,Rahul Dua,277,Furnishing/Household,"Devotional, meditational, and romantic incense",http://www.vaperfume.com/,1,1,,,0,Middle,,Mumbai,Maharashtra,,,56,35,100,10,1000,0,,,,,,,,,,,,,,,,,,,,,,,,,,,,,,,,,,,,,,,1,1,,1,1,,1,
2,Hood,02-Jan-23,10-Mar-23,40,Creating Valuable Businesses,Rahul Dua,278,Technology/Software,Pseudonymous social network,https://www.hood.live/,3,3,,,0,Middle,2022,Gurgaon,Haryana,0,,,,120,0.2,60000,1,1,60,0.54,60,12,11111.11111,2,,,,,,,,,,,,,,,30,0.27,30,30,0.27,30,,,,,,,,,,,,1,1,,1,1,,1,
2,TwistingScoops,02-Jan-23,10-Mar-23,40,Creating Valuable Businesses,Rahul Dua,279,Food,Authentic turkish ice cream,https://twistingscoops.com/,2,2,,,0,Young,,Delhi,Delhi,,,,40,100,2.5,4000,1,0,,,,,,,,,,,,,,,,,,,,,,,,,,,,,,,,,,,,,,1,1,,1,1,,1,
2,GROWiT,02-Jan-23,10-Mar-23,40,Creating Valuable Businesses,Rahul Dua,280,Agriculture,Protective farming products,https://thegrowit.com/,2,2,,,0,Middle,,Surat,Gujarat,-1,,22,,100,1,10000,1,1,50,1,50,10,5000,2,,,,,,25,0.5,25,,,,,,,,,,25,0.5,25,,,,,,,,,,,,1,1,,1,1,,1,
2,Makino,02-Jan-23,10-Mar-23,41,Out Of The Box Business Ideas,Rahul Dua,281,Food,Nachos & Nuts,https://makino-new.myshopify.com/,4,4,,,0,Young,2018,Himmatnagar,Gujarat,,2.5,40,,200,2,10000,0,,,,,,,,,,,,,,,,,,,,,,,,,,,,,,,,,,,,,,,1,1,1,1,1,,,
2,Trunome,02-Jan-23,10-Mar-23,41,Out Of The Box Business Ideas,Rahul Dua,282,Medical/Health,Post Transplant Care,https://acrannolife.com/,2,2,,,0,Middle,,Chennai,Tamil Nadu,,,,,150,1,15000,1,1,150,2,,,7500,4,,1,,,,,,,37.5,0.5,,37.5,0.5,,37.5,0.5,,37.5,0.5,,,,,,,,,,,,,1,1,1,1,1,,,
2,Wol3D,02-Jan-23,10-Mar-23,41,Out Of The Box Business Ideas,Rahul Dua,283,Manufacturing,3D printing technology,https://worldoflilliputs.com/,4,2,2,,1,Middle,2016,Mumbai,Maharashtra,,,30,,150,1,15000,1,1,80,2,70,,4000,1,,,,,,,,,,,,,,,80,2,70,,,,,,,,,,,,,,,1,1,1,1,1,,,
2,What'sUpWellness,02-Jan-23,10-Mar-23,41,Out Of The Box Business Ideas,Rahul Dua,284,Food,Wellness in the form of quick bites,https://whatsupwellness.in/,2,1,1,,0,Middle,,Kolkata,West Bengal,,30,,,50,3,1666.666667,1,1,60,4.76,,,1260.504202,3,,,,,,,,,20,1.586,,20,1.586,,20,1.586,,,,,,,,,,,,,,,,1,1,1,1,1,,,
2,ProostBeer,02-Jan-23,10-Mar-23,42,Building Businesses From Scratch,Rahul Dua,285,Liquor/Beverages,Freshly brewed beer,https://www.proost69.com/,2,2,,,0,Middle,2018,Delhi,Delhi,-1,,,,100,0.75,13333.33333,0,,,,,,,,,,,,,,,,,,,,,,,,,,,,,,,,,,,,,,,1,1,,1,1,,1,
2,DrCubes,02-Jan-23,10-Mar-23,42,Building Businesses From Scratch,Rahul Dua,286,Liquor/Beverages,Frozen Fresh cubes,https://drcubes.in/,2,2,,,0,Middle,2017,Bangalore,Karnataka,75,,45,35,80,15,533.3333333,0,,,,,,,,,,,,,,,,,,,,,,,,,,,,,,,,,,,,,,,1,1,,1,1,,1,
2,MetroRide,02-Jan-23,10-Mar-23,42,Building Businesses From Scratch,Rahul Dua,287,Vehicles/Electrical Vehicles,Metro Shuttle Service Access Transportation,https://metroride.in/,2,2,,,0,Middle,,Bangalore,Karnataka,54,25,,,75,1,7500,0,,,,,,,,,,,,,,,,,,,,,,,,,,,,,,,,,,,,,,,1,1,,1,1,,1,
2,Conker,02-Jan-23,10-Mar-23,42,Building Businesses From Scratch,Rahul Dua,288,Technology/Software,Skill Based Learning Online Courses,https://learn.conkerworld.com/,1,1,,,0,Middle,,Bangalore,Karnataka,120,22,50,8,40,1,4000,0,,,,,,,,,,,,,,,,,,,,,,,,,,,,,,,,,,,,,,,1,1,,1,1,,1,
2,WTF,02-Jan-23,10-Mar-23,43,Creating Value Through Ideas,Rahul Dua,289,Food,Where's The Food,,1,1,,,0,Middle,,Kolkata,West Bengal,,,,,75,5,1500,0,,,,,,,,,,,,,,,,,,,,,,,,,,,,,,,,,,,,,,,1,1,,1,1,,1,
2,funngro,02-Jan-23,10-Mar-23,43,Creating Value Through Ideas,Rahul Dua,290,Technology/Software,Smart Teens work with Smart companies,https://www.funngro.com/,3,1,2,,1,Middle,2021,Mumbai,Maharashtra,,,,,50,1.25,4000,1,1,50,4.16,,,1201.923077,2,,,,,,25,2.08,,,,,,,,,,,,,,,,,25,2.08,,,,,,,1,1,,1,1,,1,
2,Aadvik,02-Jan-23,10-Mar-23,43,Creating Value Through Ideas,Rahul Dua,291,Food,Buy Camel & Goat Milk,https://aadvikfoods.com/,2,2,,,0,Middle,,Delhi,Delhi,720,50,,,60,1.5,4000,1,1,15,1.5,45,12,1000,1,,,,,,,,,,,,,,,,,,,,,,,,15,1.5,45,,,,,,1,1,,1,1,,1,
2,oyehappy,02-Jan-23,10-Mar-23,43,Creating Value Through Ideas,Rahul Dua,292,Services,"Unique Gifts, Customized Gifts, Romantic Gifts, Thoughtful Gifts",https://www.oyehappy.com/,2,2,,,0,Middle,,Hyderabad,Telangana,1005,80,80,,50,1,5000,0,,,,,,,,,,,,,,,,,,,,,,,,,,,,,,,,,,,,,,,1,1,,1,1,,1,
2,HealthyMaster,02-Jan-23,10-Mar-23,44,Entrepreneurship Ka Junoon,Rahul Dua,293,Food,"Online Dry Fruits, Snacks, Berries, Chips",https://healthymaster.in/,3,1,2,,1,Middle,2019,Bangalore,Karnataka,-1,20,45,,50,2,2500,1,1,50,6.5,,,769.2307692,1,,,,,,,,,,,,50,6.5,,,,,,,,,,,,,,,,,,,1,1,1,1,1,,,
2,Kitsons,02-Jan-23,10-Mar-23,44,Entrepreneurship Ka Junoon,Rahul Dua,294,Furnishing/Household,"Stationery, Art & Craft, Books & Toy Retail Space",https://kitsons.in/,3,3,,,0,Middle,2010,Hyderabad,Telangana,,,,,1000,10,10000,0,,,,,,,,,,,,,,,,,,,,,,,,,,,,,,,,,,,,,,,1,1,1,1,1,,,
2,LondonBubble,02-Jan-23,10-Mar-23,44,Entrepreneurship Ka Junoon,Rahul Dua,295,Food,Waffle Chips Online,https://londonbubbleco.com/,2,2,,,0,Middle,,Mumbai,Maharashtra,,,,,75,5,1500,1,1,75,15,,,500,1,,,,,,75,15,,,,,,,,,,,,,,,,,,,,,,,,,1,1,1,1,1,,,
2,WaggyZone,02-Jan-23,10-Mar-23,44,Entrepreneurship Ka Junoon,Rahul Dua,296,Animal/Pets,"Ice Cream Treat for Dogs, Puppies and Cats",https://waggyzone.com/,1,,1,,0,Middle,,Mumbai,Maharashtra,0,1,60,,50,5,1000,0,,,,,,,,,,,,,,,,,,,,,,,,,,,,,,,,,,,,,,,1,1,1,1,1,,,
2,NutriCook,02-Jan-23,10-Mar-23,45,True Meaning Of Entrepreneurship,Rahul Dua,297,Food,"Smart Pots, Air Fryers, Air Fryer Oven",https://www.nutricookindia.com/,2,1,1,,0,Middle,,"Bangalore,Punganur","Karnataka,Andhra Pradesh",13,,,,100,2,5000,1,1,50,10,50,12,500,1,,,,,,,,,,,,50,10,50,,,,,,,,,,,,,,,,,,1,1,1,1,1,,,
2,Subhag,02-Jan-23,10-Mar-23,45,True Meaning Of Entrepreneurship,Rahul Dua,298,Medical/Health,Health-tech IUI Treatment Procedure for Infertility,https://subhag.in/,3,3,,,0,Middle,,"Jhumri Telaiya,Raipur","Jharkhand,Chhattisgarh",,0,,,50,1,5000,1,1,20,1,30,10,2000,1,,1,,,,20,1,30,,,,,,,,,,,,,,,,,,,,,,,,1,1,1,1,1,,,
2,SinghStyled,02-Jan-23,10-Mar-23,45,True Meaning Of Entrepreneurship,Rahul Dua,299,Beauty/Fashion,Sikh Gentleman to maintain their Guru-gifted identity,https://www.singhstyled.com/,2,2,,,0,Middle,2019,Mumbai,Maharashtra,,7.5,,,50,5,1000,1,1,50,10,,,500,1,yes,,,,,,,,,,,,,,,,,50,10,,,,,,,,,,,,,1,1,1,1,1,,,
2,ZSportsTech,02-Jan-23,10-Mar-23,46,Different Colours Of Entrepreneurship,Rahul Dua,300,Sports,Cricket Sport Shop,https://www.zsportstech.com/,2,2,,,0,Middle,,Mumbai,Maharashtra,31,,,,60,2,3000,0,,,,,,,,,,,,,,,,,,,,,,,,,,,,,,,,,,,,,,,1,1,1,1,1,,,
2,ThePlatedProject,02-Jan-23,10-Mar-23,46,Different Colours Of Entrepreneurship,Rahul Dua,301,Services,Decor Plates & Dinnerware,https://www.theplatedproject.com/,1,1,,,0,Middle,,Mumbai,Maharashtra,,,,,75,2,3750,1,1,75,3.75,,,2000,3,,,,,,25,1.25,,,,,25,1.25,,25,1.25,,,,,,,,,,,,,,,,1,1,1,1,1,,,
2,VsnapU,02-Jan-23,10-Mar-23,46,Different Colours Of Entrepreneurship,Rahul Dua,302,Services,Professional Photography service,https://www.vsnapu.com/,4,4,,,0,Middle,2017,Goa,Goa,,15,,,50,1.5,3333.333333,0,,,,,,,,,,,,,,,,,,,,,,,,,,,,,,,,,,,,,,,1,1,1,1,1,,,
2,TheHealthyFactory,02-Jan-23,10-Mar-23,46,Different Colours Of Entrepreneurship,Rahul Dua,303,Food,Protein bread,https://www.thehealthfactory.in/,2,2,,,0,Young,2018,Mumbai,Maharashtra,-1,,56,,75,2.1,3571.428571,0,,,,,,,,,,,,,,,,,,,,,,,,,,,,,,,,,,,,,,,1,1,1,1,1,,,
2,Brevistay,02-Jan-23,10-Mar-23,47,Tunnel Se Tank Tak Ka Safar,Rahul Dua,304,Services,Booking hotels for hours,https://www.brevistay.com/,5,5,,,0,Young,2016,"Dehradun,Nainital,Lucknow","Uttarakhand,Uttar Pradesh",,42,,,100,1.66,6024.096386,0,,,,,,,,,,,,,,,,,,,,,,,,,,,,,,,,,,,,,,,1,1,1,1,,,1,
2,SoulUp,02-Jan-23,10-Mar-23,47,Tunnel Se Tank Tak Ka Safar,Rahul Dua,305,Services,Real Conversations Real People,https://www.soulup.in/,2,,2,,0,Middle,,Bangalore,Karnataka,,,,,50,3,1666.666667,1,1,50,5,,,1000,1,,,,,,50,5,,,,,,,,,,,,,,,,,,,,,,,,,1,1,1,1,,,1,
2,TheBigBookBox ChapterOneBooks,02-Jan-23,10-Mar-23,47,Tunnel Se Tank Tak Ka Safar,Rahul Dua,306,Furnishing/Household,New paperback and hardcover books,https://www.thebigbookbox.com/,2,1,1,,0,Middle,,Gopalganj,Bihar,140,,,,50,8,625,0,,,,,,,,,,,,,,,,,,,,,,,,,,,,,,,,,,,,,,,1,1,1,1,,,1,
2,Rubans,02-Jan-23,10-Mar-23,48,"Pitchers, Investments And Businesses",Rahul Dua,307,Beauty/Fashion,Artificial Jewellery Set Online,https://www.rubans.in/,2,1,1,,1,Middle,2014,Bangalore,Karnataka,5100,,,,150,0.5,30000,1,1,100,1,50,12,10000,3,,,,,,33.33,0.333,16.66,,,,33.33,0.333,16.66,33.33,0.333,16.66,,,,,,,,,,,,,,,1,1,1,1,1,,1,
2,SameNotification,02-Jan-23,10-Mar-23,48,"Pitchers, Investments And Businesses",Rahul Dua,308,Technology/Software,parental monitoring app,,1,1,,,0,Middle,,"Ahmedabad,Mirzapur","Gujarat,Uttar Pradesh",,,,,25,15,166.6666667,0,,,,,,,,,,,,,,,,,,,,,,,,,,,,,,,,,,,,,,,1,1,1,1,1,,1,
2,BottomLineSprays,02-Jan-23,10-Mar-23,48,"Pitchers, Investments And Businesses",Rahul Dua,309,Furnishing/Household,portable jet spray,https://bottomlinesprays.com/,2,1,1,,1,Middle,,Ahmedabad,Gujarat,,2,,,35,5,700,0,,,,,,,,,,,,,,,,,,,,,,,,,,,,,,,,,,,,,,,1,1,1,1,1,,1,
2,LilGoodness,02-Jan-23,10-Mar-23,48,"Pitchers, Investments And Businesses",Rahul Dua,310,Food,Healthy Snacks,https://lilgoodness.com/,2,2,,,0,Middle,2020,Bangalore,Karnataka,-1,145,65,,100,1,10000,1,1,50,1,50,10,5000,1,,,,,,,,,,,,,,,,,,50,1,50,,,,,,,,,,,,1,1,1,1,1,,1,
2,ForeverModest,02-Jan-23,10-Mar-23,49,Businesses Adding Value To Society,Rahul Dua,311,Beauty/Fashion,premium Muslim women's clothing,https://forevermodest.shop/,1,,1,,0,Young,2021,Aurangabad,Maharashtra,,4.2,,,20,10,200,1,1,20,20,,,100,4,,,,,,5,5,,5,5,,5,5,,,,,,,,,,,5,5,,,,,,,1,1,1,1,1,,1,
2,Sahayatha,02-Jan-23,10-Mar-23,49,Businesses Adding Value To Society,Rahul Dua,312,Medical/Health,smart wheelchair with an assistive cleansing device,https://dhanvantribiomedical.com/,1,,1,,0,Young,2022,Coimbatore,Tamil Nadu,,,,,100,10,1000,1,1,100,10,,,1000,5,,1,,,,20,2,,20,2,,,,,20,2,,20,2,,,,,20,2,,,,,,,1,1,1,1,1,,1,
2,WickedGud,02-Jan-23,10-Mar-23,49,Businesses Adding Value To Society,Rahul Dua,313,Food,High Protein & Fiber Gluten Free Vegan food,https://wickedgud.com/,3,3,,,0,Middle,2021,Mumbai,Maharashtra,-1,,,,50,1,5000,0,,,,,,,,,,,,,,,,,,,,,,,,,,,,,,,,,,,,,,,1,1,1,1,1,,1,
2,maisha,02-Jan-23,10-Mar-23,49,Businesses Adding Value To Society,Rahul Dua,314,Beauty/Fashion,Handmade Cotton & Jacquard Bags,https://maishalifestyle.com/,3,2,1,,0,Middle,2018,Ahmedabad,Gujarat,,,,,75,3,2500,1,1,10,1,65,18,1000,1,,,,,,,,,,,,,,,,,,,,,,,,10,1,65,,,,,,1,1,1,1,1,,1,
2,NishHair,02-Jan-23,10-Mar-23,50,Season Finale With The Sharks,Rahul Dua,315,Beauty/Fashion,100% Human Hair Extensions,https://nishhair.com/,1,,1,,0,Middle,2017,Mumbai,Maharashtra,670,80,,30,100,2,5000,1,1,100,2,,,5000,1,,,,,,,,,,,,,,,,,,,,,,,,100,2,,,,,,,1,1,1,1,1,,1,
2,MYBYK,02-Jan-23,10-Mar-23,50,Season Finale With The Sharks,Rahul Dua,316,Vehicles/Electrical Vehicles,IoT-enabled bikes,https://mybyk.in/,1,1,,,0,Middle,,Ahmedabad,Gujarat,-1,,,,200,1,20000,0,,,,,,,,,,,,,,,,,,,,,,,,,,,,,,,,,,,,,,,1,1,1,1,1,,1,
2,GODESi,02-Jan-23,10-Mar-23,51,Gateway To Shark Tank India,Rahul Dua,317,Food,Handmade lollipops,https://godesi.in/,2,1,1,,0,Middle,,Bangalore,Karnataka,-1,270,,,90,0.5,18000,1,0,,,,,,,,,,,,,,,,,,,,,,,,,,,,,,,,,,,,,,1,,1,1,,,1,1
2,TAC,02-Jan-23,10-Mar-23,51,Gateway To Shark Tank India,Rahul Dua,318,Beauty/Fashion,"ayurveda co for glowing skin, makeup & open pores",https://theayurvedaco.com/,2,1,1,,1,Middle,,Mumbai,Maharashtra,-1,,,,150,0.5,30000,1,1,81,1,69,12,8100,2,,,,,,,,,,,,,,,40.5,0.5,34.5,,,,,,,,,,40.5,0.5,34.5,Vikas,,1,,1,1,,,1,1
2,Naara-Aaba,02-Jan-23,10-Mar-23,51,Gateway To Shark Tank India,Rahul Dua,319,Liquor/Beverages,pears and plum wine,https://www.naaraaaba.com/,2,1,1,,1,Middle,2017,Ziro,Arunachal Pradesh,,,50,18,75,2.5,3000,1,1,50,5,25,10,1000,2,,,,,,,,,,,,25,2.5,12.5,,,,,,,,,,,,,25,2.5,12.5,Vikas,,1,,1,1,,,1,1
2,StyloBug,02-Jan-23,10-Mar-23,51,Gateway To Shark Tank India,Rahul Dua,320,Beauty/Fashion,Girls Dresses Online,https://stylobug.com/,2,1,1,,,Middle,,Delhi,Delhi,1400,46,,18,80,2,4000,1,1,80,10,,,800,1,,,,,,,,,,,,,,,,,,,,,,,,80,10,,,,,,,1,,1,1,,,1,1
2,ZenOnco,02-Jan-23,10-Mar-23,0,Unseen,Rahul Dua,321,Medical/Health,saving lives from cancer,https://zenonco.io/,2,1,1,,0,Middle,,Jodhpur,Rajasthan,-1,21,,,100,1,10000,1,0,,,,,,,,,,,,,,,,,,,,,,,,,,,,,,,,,,,,,,1,,1,1,,,1,1
